-- MySQL dump 10.13  Distrib 5.7.9, for Win64 (x86_64)
--
-- Host: 127.0.0.1    Database: netschool
-- ------------------------------------------------------
-- Server version	5.7.10-log

/*!40101 SET @OLD_CHARACTER_SET_CLIENT=@@CHARACTER_SET_CLIENT */;
/*!40101 SET @OLD_CHARACTER_SET_RESULTS=@@CHARACTER_SET_RESULTS */;
/*!40101 SET @OLD_COLLATION_CONNECTION=@@COLLATION_CONNECTION */;
/*!40101 SET NAMES utf8 */;
/*!40103 SET @OLD_TIME_ZONE=@@TIME_ZONE */;
/*!40103 SET TIME_ZONE='+00:00' */;
/*!40014 SET @OLD_UNIQUE_CHECKS=@@UNIQUE_CHECKS, UNIQUE_CHECKS=0 */;
/*!40014 SET @OLD_FOREIGN_KEY_CHECKS=@@FOREIGN_KEY_CHECKS, FOREIGN_KEY_CHECKS=0 */;
/*!40101 SET @OLD_SQL_MODE=@@SQL_MODE, SQL_MODE='NO_AUTO_VALUE_ON_ZERO' */;
/*!40111 SET @OLD_SQL_NOTES=@@SQL_NOTES, SQL_NOTES=0 */;

--
-- Table structure for table `doexercises`
--

DROP TABLE IF EXISTS `doexercises`;
/*!40101 SET @saved_cs_client     = @@character_set_client */;
/*!40101 SET character_set_client = utf8 */;
CREATE TABLE `doexercises` (
  `id` int(11) NOT NULL AUTO_INCREMENT,
  `exercises_id` int(11) NOT NULL,
  `student_id` int(11) NOT NULL,
  `answer` varchar(500) DEFAULT NULL,
  `student_Name` varchar(45) DEFAULT NULL,
  `teacher_Id` int(11) NOT NULL,
  `teacher_Name` varchar(45) DEFAULT NULL,
  `status` int(11) NOT NULL,
  `createTime` bigint(20) NOT NULL,
  PRIMARY KEY (`id`)
) ENGINE=InnoDB AUTO_INCREMENT=73 DEFAULT CHARSET=utf8;
/*!40101 SET character_set_client = @saved_cs_client */;

--
-- Dumping data for table `doexercises`
--

LOCK TABLES `doexercises` WRITE;
/*!40000 ALTER TABLE `doexercises` DISABLE KEYS */;
INSERT INTO `doexercises` VALUES (1,1,3,'redis','student',2,'teacher',1,1458783171296),(2,2,3,'D','student',2,'teacher',1,1458783171296),(3,8,3,'C','student',2,'teacher',1,1458783171296),(4,9,3,'D','student',2,'teacher',1,1458783171296),(5,11,3,'B','student',2,'teacher',1,1458783171296),(6,12,3,'B','student',2,'teacher',1,1458783171296),(7,13,3,'D','student',2,'teacher',1,1458783171296),(8,15,3,'B','student',2,'teacher',1,1458783171296),(9,16,3,'C','student',2,'teacher',1,1458783171296),(10,17,3,'D','student',2,'teacher',1,1458783171296),(11,1,3,'redis memcache mogodb','student',2,'teacher',1,1458784485664),(12,2,3,'AB','student',2,'teacher',1,1458784485664),(13,8,3,'B','student',2,'teacher',1,1458784485664),(14,9,3,'D','student',2,'teacher',1,1458784485664),(15,11,3,'A','student',2,'teacher',1,1458784485664),(16,12,3,'C','student',2,'teacher',1,1458784485664),(17,13,3,'A','student',2,'teacher',1,1458784485664),(18,15,3,'D','student',2,'teacher',1,1458784485664),(19,16,3,'B','student',2,'teacher',1,1458784485664),(20,17,3,'C','student',2,'teacher',1,1458784485664),(22,21,3,'企业服务器\n个人服务器','student',2,'teacher',1,1458788661102),(23,22,3,'钱','student',2,'teacher',1,1458788661102),(24,1,4,'redis mongodb','student2',2,'teacher',1,1458806089060),(25,2,4,'AB','student2',2,'teacher',1,1458806089060),(26,8,4,'B','student2',2,'teacher',1,1458806089060),(27,9,4,'D','student2',2,'teacher',1,1458806089060),(28,12,4,'C','student2',2,'teacher',1,1458806089060),(29,13,4,'D','student2',2,'teacher',1,1458806089060),(30,14,4,'C','student2',2,'teacher',1,1458806089060),(31,15,4,'C','student2',2,'teacher',1,1458806089060),(32,16,4,'B','student2',2,'teacher',1,1458806089060),(33,17,4,'D','student2',2,'teacher',1,1458806089060),(44,1,4,'redis','student2',2,'teacher',1,1458871969133),(45,2,4,'AB','student2',2,'teacher',1,1458871969133),(46,8,4,'D','student2',2,'teacher',1,1458871969133),(47,9,4,'D','student2',2,'teacher',1,1458871969133),(48,11,4,'A','student2',2,'teacher',1,1458871969133),(49,12,4,'C','student2',2,'teacher',1,1458871969133),(50,14,4,'B','student2',2,'teacher',1,1458871969133),(51,15,4,'','student2',2,'teacher',1,1458871969133),(52,16,4,'','student2',2,'teacher',1,1458871969133),(53,17,4,'B','student2',2,'teacher',1,1458871969133),(55,21,4,'企业个人','student2',5,'serverTeacher',1,1458872918702),(56,22,4,'钱','student2',5,'serverTeacher',1,1458872918702),(57,3,3,'A','student',2,'teacher',1,1458873399609),(58,4,3,'C','student',2,'teacher',1,1458873399609),(60,19,3,'B','student',2,'teacher',1,1458873399609),(61,1,3,'redis','student',5,'serverTeacher',1,1458873449287),(62,2,3,'A','student',5,'serverTeacher',1,1458873449287),(63,8,3,'B','student',5,'serverTeacher',1,1458873449287),(64,9,3,'D','student',5,'serverTeacher',1,1458873449287),(65,11,3,'A','student',5,'serverTeacher',1,1458873449287),(66,12,3,'C','student',5,'serverTeacher',1,1458873449287),(67,14,3,'B','student',5,'serverTeacher',1,1458873449287),(68,15,3,'C','student',5,'serverTeacher',1,1458873449287),(69,16,3,'','student',5,'serverTeacher',1,1458873449287),(70,17,3,'D','student',5,'serverTeacher',1,1458873449287),(71,21,3,'1喝2','student',2,'teacher',1,1459236149033),(72,22,3,'硬件服务器','student',2,'teacher',1,1459236149033);
/*!40000 ALTER TABLE `doexercises` ENABLE KEYS */;
UNLOCK TABLES;

--
-- Table structure for table `exercises`
--

DROP TABLE IF EXISTS `exercises`;
/*!40101 SET @saved_cs_client     = @@character_set_client */;
/*!40101 SET character_set_client = utf8 */;
CREATE TABLE `exercises` (
  `id` int(11) NOT NULL AUTO_INCREMENT,
  `type` int(11) NOT NULL DEFAULT '0',
  `question` varchar(500) NOT NULL,
  `answer` varchar(500) NOT NULL,
  `options` varchar(500) DEFAULT NULL,
  `teacher_name` varchar(45) DEFAULT NULL,
  `teacher_id` int(11) NOT NULL,
  `subject_name` varchar(45) NOT NULL,
  `subject_id` int(11) NOT NULL,
  `createtime` bigint(20) NOT NULL,
  `score` float DEFAULT NULL,
  PRIMARY KEY (`id`)
) ENGINE=InnoDB AUTO_INCREMENT=23 DEFAULT CHARSET=utf8;
/*!40101 SET character_set_client = @saved_cs_client */;

--
-- Dumping data for table `exercises`
--

LOCK TABLES `exercises` WRITE;
/*!40000 ALTER TABLE `exercises` DISABLE KEYS */;
INSERT INTO `exercises` VALUES (1,2,'列举几个NOSQL 数据库','redis memcache  mogodb',NULL,'teacher',2,'数据库技术',1,1458536281836,NULL),(2,1,'选出下面NOSQL 数据库','AB','{\"answerA\":\"redis\",\"answerB\":\"memcache\",\"answerC\":\"Oracle\",\"answerD\":\"mysql\"}','teacher',2,'数据库技术',1,1458536358462,NULL),(3,1,'洛奇亚的属性是？','C','{\"answerA\":\"飞行，水系\",\"answerB\":\"超能，水系\",\"answerC\":\"飞行，超能\",\"answerD\":\"水系，龙系\"}','teacher',2,'口袋妖怪训练masters',6,1458536491715,NULL),(4,1,'妙蛙花的属性','C','{\"answerA\":\"草系，光系\",\"answerB\":\"超能，草系\",\"answerC\":\"草系，毒系\",\"answerD\":\"草系，格斗系\"}','teacher',2,'口袋妖怪训练masters',6,1458610033987,NULL),(8,1,'若在“tEmployee”表中查找所有姓“王”的记录，可以在查询设计视图的准则行中输入','B','{\"answerA\":\"Like \\\"王\\\"\",\"answerB\":\"Like \\\"王*\\\"\",\"answerC\":\"=\\\"王\\\"\",\"answerD\":\"=\\\"王*\\\"\"}','teacher',2,'数据库技术',1,1458612508884,NULL),(9,1,'若要确保输入的联系电话值只能为8位数字，应将该字段的输入掩码设置为','C','{\"answerA\":\"00000000\",\"answerB\":\"99999999\",\"answerC\":\"########\",\"answerD\":\"????????\"}','teacher',2,'数据库技术',1,1458613070231,NULL),(11,1,'在数据管理技术的发展过程中，经历了人工管理阶段、文件系统阶段和数据库系统阶段。其中数据独立性最高的阶段是','A','{\"answerA\":\"数据库系统\",\"answerB\":\"文件系统\",\"answerC\":\"人工管理\",\"answerD\":\"数据项管理\"}','teacher',2,'数据库技术',1,1458613189406,NULL),(12,1,'用SQL语言描述“在教师表中查找男教师的全部信息”，以下描述真确的是','C','{\"answerA\":\"SELECT FROM 教师表 IF (性别＝‘男’)\",\"answerB\":\"SELECT 性别FROM 教师表 IF (性别＝‘男’)\",\"answerC\":\"SELECT *FROM 教师表 WHERE(性别＝‘男’)\",\"answerD\":\"SELECT *FROM 性别WHERE (性别＝‘男’)\"}','teacher',2,'数据库技术',1,1458613515064,NULL),(13,1,'将所有字符转换为大写的输入掩码是','D','{\"answerA\":\">\",\"answerB\":\"<\",\"answerC\":\"0\",\"answerD\":\"A\"}','teacher',2,'数据库技术',1,1458613549436,NULL),(14,1,'查询会在执行时弹出对话框，提示用户输入必要的信息，再按照这些信息进行查询？','D','{\"answerA\":\"选择查询\",\"answerB\":\"交叉表查询\",\"answerC\":\"参数查询\",\"answerD\":\"操作查询\"}','teacher',2,'数据库技术',1,1458613618164,NULL),(15,1,'查询能实现的功能有','D','{\"answerA\":\"选择字段，选择记录，编辑记录，实现计算，建立新表，建立数据库\",\"answerB\":\"选择字段，选择记录，编辑记录，实现计算，建立新表，更新关系\",\"answerC\":\"选择字段，选择记录，编辑记录，实现计算，建立新表，设置格式\",\"answerD\":\"选择字段，选择记录，编辑记录，实现计算，建立新表，建立基于查询的报表和窗体\"}','teacher',2,'数据库技术',1,1458613646701,NULL),(16,1,'特殊运算符“ln”的含义是','B','{\"answerA\":\"用于指定一个字段值的范围，指定的范围之间用And连接\",\"answerB\":\"用于指定一个字段值的列表，列表中的任一值都可与查询的字段相匹配\",\"answerC\":\"用于指定一个字段为空\",\"answerD\":\"用于指定一个字段为非空\"}','teacher',2,'数据库技术',1,1458613676444,NULL),(17,1,'窗体中的信息不包括','D','{\"answerA\":\"设计者在设计窗口时附加的一些提示信息\",\"answerB\":\"设计者在设计窗口时输入的一些重要信息\",\"answerC\":\"所处理表的记录\",\"answerD\":\"所处理查询的记录\"}','teacher',2,'数据库技术',1,1458613708261,NULL),(19,1,'波克基古的属性是？','A','{\"answerA\":\"普通+飞行\",\"answerB\":\"普通+超能\",\"answerC\":\"普通+卵生\",\"answerD\":\"普通+甲壳\"}','teacher',2,'口袋妖怪训练masters',6,1458614118568,NULL),(21,2,'云服务器服务包括两个核心产品：','面向中小企业用户与高端用户的云服务器租用服务；\n面向大中型互联网用户的弹性计算平台服务。',NULL,'teacher',2,'云服务器技术',3,1458619306099,NULL),(22,2,'云服务器需要','管理能力集中化的远程管理平台+多级业务备份快速的业务部署与配置、规模的弹性扩展能力',NULL,'teacher',2,'云服务器技术',3,1458619869513,NULL);
/*!40000 ALTER TABLE `exercises` ENABLE KEYS */;
UNLOCK TABLES;

--
-- Table structure for table `news`
--

DROP TABLE IF EXISTS `news`;
/*!40101 SET @saved_cs_client     = @@character_set_client */;
/*!40101 SET character_set_client = utf8 */;
CREATE TABLE `news` (
  `id` int(11) NOT NULL AUTO_INCREMENT,
  `title` varchar(100) DEFAULT NULL,
  `detail` text,
  `img` varchar(100) DEFAULT NULL,
  `type` int(11) NOT NULL DEFAULT '1' COMMENT '1:new 2 notices',
  `uid` int(11) NOT NULL,
  `uname` varchar(50) DEFAULT NULL,
  `url` varchar(500) DEFAULT NULL,
  `createTime` bigint(20) NOT NULL,
  PRIMARY KEY (`id`)
) ENGINE=InnoDB AUTO_INCREMENT=398 DEFAULT CHARSET=utf8;
/*!40101 SET character_set_client = @saved_cs_client */;

--
-- Dumping data for table `news`
--

LOCK TABLES `news` WRITE;
/*!40000 ALTER TABLE `news` DISABLE KEYS */;
INSERT INTO `news` VALUES (5,'计算机12-1练习通知','习题已上传至系统，请学生于6月20日前自主完成N套习题，有不懂事项留言提问。',NULL,2,2,'teacher',NULL,1458022851046),(6,'系统整改通知','系统将于6月10日晚12点进行升级整改，届时可能无法使用站点功能，望周知',NULL,2,2,'teacher',NULL,1458022851055),(41,'人机围棋战:AlphaGo似李昌镐','','http://r3.sinaimg.cn/10230/2016/0315/30/9/73574675/auto.jpg',1,1,'admin','http://bn.sina.cn/video/live?channel=tech&newsid=alphago&fromsinago=1',1458022850976),(42,'李世石携妻女亮相一家超温馨','李世石携女儿入场','http://r3.sinaimg.cn/10230/2016/0315/66/c/89575172/auto.jpg',1,1,'admin','http://photo.sina.cn/album_5_453_67805.htm?ch=5&fromsinago=1',1458022851036),(43,'聂卫平坦言人类不是电脑对手','“电脑中盘力量太大，人类不是对手，我也不看好柯洁。”','http://r3.sinaimg.cn/10230/2016/0314/02/6/11569865/auto.jpg',1,1,'admin','http://tech.sina.cn/tech_zt/alphago?fromsinago=1',1458022851038),(44,'英特尔资本回应:每年仍将投资','将继续向“擅长”的技术领域“每年投资3亿至5亿美元”。','http://r3.sinaimg.cn/10230/2016/0315/9f/d/19577118/auto.jpg',1,1,'admin','http://sinanews.sina.cn/sinanews.shtml?id=fxqhmve9190970-comos-tech-cms&fromsinago=1',1458022851039),(45,'硅谷纪事:儿童编程游戏开发者','要在科技领域创业成功，还是需要不断来硅谷。','http://r3.sinaimg.cn/10230/2016/0315/d5/e/73575246/auto.jpg',1,1,'admin','http://sinanews.sina.cn/sinanews.shtml?id=fxqhmve9183308-comos-tech-cms&fromsinago=1',1458022851040),(46,'机器智能梦:重新定义智商','我们作为人的选择里，并不是只有精密的计算和推理。','http://r3.sinaimg.cn/10230/2016/0315/dc/b/47575057/auto.jpg',1,1,'admin','http://zhuanlan.sina.cn/article?id=49970&ch=tech&fromsinago=1',1458022851041),(47,'Android手机厂商反对系统加密','因为手机厂商担心加密可能会对手机性能产生影响。','http://r3.sinaimg.cn/10230/2016/0315/92/9/12576292/auto.jpg',1,1,'admin','http://sinanews.sina.cn/sinanews.shtml?id=fxqhmvc2473727-comos-tech-cms&fromsinago=1',1458022851042),(48,'工商总局:严格监管网售商品','工商总局消保局局长杨红灿称，将对网售商品进行严格监管。','http://r3.sinaimg.cn/10230/2016/0315/2b/6/05571112/auto.jpg',1,1,'admin','http://sinanews.sina.cn/sinanews.shtml?id=fxqhmve9204739-comos-tech-cms&fromsinago=1',1458022851043),(49,'斗鱼获得1亿美元新一轮融资','腾讯入股斗鱼传闻从2014年下半年开始流传终于尘埃落定。','http://r3.sinaimg.cn/10230/2016/0315/ba/7/46570757/auto.jpg',1,1,'admin','http://sinanews.sina.cn/sinanews.shtml?id=fxqhmve9204620-comos-tech-cms&fromsinago=1',1458022851044),(50,'乐视签到领手机遭用户维权','QQ群内用户已经“众筹请律师”，并称今日到乐视去谈判','http://r3.sinaimg.cn/10230/2016/0315/44/0/44569701/auto.jpg',1,1,'admin','http://sinanews.sina.cn/sinanews.shtml?id=fxqhmvc2472597-comos-tech-cms&fromsinago=1',1458022851045),(51,'百度高管:直面医疗搜索质疑','高级副总裁向海龙表示直面网友质疑,成为民营医疗净化器。','http://r3.sinaimg.cn/10230/2015/1130/d9/d/56561161/auto.jpg',1,1,'admin','http://sinanews.sina.cn/sinanews.shtml?id=fxqhmvc2472568-comos-tech-cms&fromsinago=1',1458022851046),(52,'韩媒热恋人机大战赶超韩国大选','记者发现，韩国当地对人机大战的曝光度已赶超韩国大选。','http://r3.sinaimg.cn/10230/2016/0315/2e/5/01570046/auto.jpg',1,1,'admin','http://sinanews.sina.cn/sinanews.shtml?id=fxqhmvc2472458-comos-tech-cms&fromsinago=1',1458022851047),(53,'AlphaGo的命门已被看穿','第四局最重要意义是，终于看到了一张AlphaGo的败局谱。','http://r3.sinaimg.cn/10230/2016/0315/db/b/71577388/auto.jpg',1,1,'admin','http://sinanews.sina.cn/sinanews.shtml?id=fxqhmvc2470855-comos-tech-cms&fromsinago=1',1458022851048),(54,'微博组建消费者权益保护联盟','强化消费者权益保护机制，维权话题已经固定投诉入口。','http://r3.sinaimg.cn/10230/2016/0315/c5/3/36569489/auto.jpg',1,1,'admin','http://sinanews.sina.cn/sinanews.shtml?id=fxqhmve9202967-comos-tech-cms&fromsinago=1',1458022851049),(55,'亚马逊新专利:手机自拍可付钱','用手机付款时，仅需自拍就可确认支付，免去输入密码','http://r3.sinaimg.cn/10230/2016/0315/ad/4/39568074/auto.jpg',1,1,'admin','http://sinanews.sina.cn/sinanews.shtml?id=fxqhmvc2470629-comos-tech-cms&fromsinago=1',1458022851050),(56,'中国首家商业火箭公司将组建','值得一提的是，快舟十一号火箭计划于2017年进行商业发射。','http://r3.sinaimg.cn/10230/2016/0315/7f/a/33574252/auto.jpg',1,1,'admin','http://sinanews.sina.cn/sinanews.shtml?id=fxqhnev6099561-comos-tech-cms&fromsinago=1',1458022851051),(57,'社区O2O创业百态:三教九流','社区O2O创业起点很多，大体可以用“三教九流”来概括。','http://r3.sinaimg.cn/10230/2016/0315/c5/3/20568643/auto.jpg',1,1,'admin','http://zhuanlan.sina.cn/article?id=49966&ch=tech&fromsinago=1',1458022851055),(58,'独家:腾讯投资斗鱼或本周公布','虽然游戏直播确实处于风口之上，但这行业烧钱不亚于O2O','http://r3.sinaimg.cn/10230/2016/0315/09/5/25569372/auto.jpg',1,1,'admin','http://sinanews.sina.cn/sinanews.shtml?id=fxqhmvc2467958-comos-tech-cms&fromsinago=1',1458022851056),(59,'央视曝光饿了么多家餐厅无证照','央视315曝光饿了么等存在无证无照、店面与照片不符等问题。','http://r3.sinaimg.cn/10230/2016/0316/59/2/10568473/auto.jpg',1,1,'admin','http://sinanews.sina.cn/sinanews.shtml?id=fxqhmve9224082-comos-tech-cms&fromsinago=1',1458094729975),(60,'疑iPhone7真机曝光:它在瞪我','日前有媒体曝光iPhone 7真机谍照，后置双镜头和全新信号溢出条设计位置都和传闻契合度颇高。不过我总觉得是这款手机的双摄像头在瞪着我。','http://r3.sinaimg.cn/10230/2016/0316/3e/2/87569122/auto.jpg',1,1,'admin','http://sinanews.sina.cn/sinanews.shtml?id=fxqhmve9237473-comos-tech-cms&fromsinago=1',1458094730038),(61,'李一男涉嫌内幕交易罪受审','早在2015年6月3日，李一男就因涉嫌内幕交易罪被拘留。','http://r3.sinaimg.cn/10230/2016/0315/58/b/13574215/auto.jpg',1,1,'admin','http://sinanews.sina.cn/sinanews.shtml?id=fxqhmvc2499397-comos-tech-cms&fromsinago=1',1458094730038),(62,'大疆回应无人机漏洞:已经解决','称只要确保固件及时升级至最新版本，都可消除这一隐患。','http://r3.sinaimg.cn/10230/2016/0315/14/2/56570340/auto.jpg',1,1,'admin','http://sinanews.sina.cn/sinanews.shtml?id=fxqhmve9229491-comos-tech-cms&fromsinago=1',1458094730038),(63,'Uber深圳重演专车事故纠纷','双方各执一词，专车安全、事故纠纷处理困难再成焦点。','http://r3.sinaimg.cn/10230/2016/0316/1d/8/27574851/auto.jpg',1,1,'admin','http://sinanews.sina.cn/sinanews.shtml?id=fxqhmvc2504323-comos-tech-cms&fromsinago=1',1458094730038),(64,'索尼PSVR十月上市仅售399美元','索尼宣布PlayStation VR头盔将于10月上市，售399美元。','http://r3.sinaimg.cn/10230/2016/0316/b5/6/36571564/auto.jpg',1,1,'admin','http://sinanews.sina.cn/sinanews.shtml?id=fxqhmve9243771-comos-tech-cms&fromsinago=1',1458094730038),(65,'英国男子自制火箭筒脱袜器','一成不变的脱袜子方式，你是否开始讨厌这样平庸的自己。','http://r3.sinaimg.cn/10230/2016/0316/07/e/52575509/auto.jpg',1,1,'admin','http://sinanews.sina.cn/sinanews.shtml?id=fxqhmvc2518754-comos-tech-cms&fromsinago=1',1458094730038),(66,'OPPO R9/R9 Plus信息曝光','OPPO于17日在北京演艺中心举行OPPO R9/R9 Plus发布会。','http://r3.sinaimg.cn/10230/2016/0316/d7/2/35570302/auto.jpg',1,1,'admin','http://sinanews.sina.cn/sinanews.shtml?id=fxqhmvc2518699-comos-tech-cms&fromsinago=1',1458094730038),(67,'doonne:能玩游戏的智能插花灯','可通过手机APP切换颜色，并支持多种场景和互动小游戏。','http://r3.sinaimg.cn/10230/2016/0316/e0/c/61576812/auto.jpg',1,1,'admin','http://sinanews.sina.cn/sinanews.shtml?id=fxqhmvc2518190-comos-tech-cms&fromsinago=1',1458094730038),(68,'刘慈欣:不必恐惧人工智能','发展人工智能肯定面临风险，但任何技术发展都面临风险。','http://r3.sinaimg.cn/10230/2016/0316/12/7/48529240/auto.jpg',1,1,'admin','http://sinanews.sina.cn/sinanews.shtml?id=fxqhmve9242917-comos-tech-cms&fromsinago=1',1458094730038),(69,'消协将在17家电商设维权平台','中消协举行主题活动，宣布在17家电商平台设维权通道。','http://r3.sinaimg.cn/10230/2016/0316/1b/1/28569819/auto.jpg',1,1,'admin','http://sinanews.sina.cn/sinanews.shtml?id=fxqhmvc2517742-comos-tech-cms&fromsinago=1',1458094730038),(70,'道有道:感谢央视曝光恶意扣费','公司第一时间加强对上线产品的业务审查，并进行彻查','http://r3.sinaimg.cn/10230/2016/0316/92/c/49577558/auto.jpg',1,1,'admin','http://sinanews.sina.cn/sinanews.shtml?id=fxqhmvc2517548-comos-tech-cms&fromsinago=1',1458094730054),(71,'315调查:网购家电频现翻新机','随着网购的繁荣发展，随之而来的各种问题也日益增多。','http://r3.sinaimg.cn/10230/2016/0316/6f/4/12569890/auto.jpg',1,1,'admin','http://sinanews.sina.cn/sinanews.shtml?id=fxqhmve9242352-comos-tech-cms&fromsinago=1',1458094730054),(72,'网购乱象:7成网民有上当经历','前三位热门投诉，依次为网络购物、汽车消费及手机消费。','http://r3.sinaimg.cn/10230/2016/0316/0b/1/00570454/auto.jpg',1,1,'admin','http://sinanews.sina.cn/sinanews.shtml?id=fxqhmve9242232-comos-tech-cms&fromsinago=1',1458094730054),(73,'众测:华硕鹰眼拍照手机免费玩','喜欢拍照片又嫌专业相机太笨重的同学们看过来！','http://r3.sinaimg.cn/10230/2016/0316/d2/2/27569965/auto.jpg',1,1,'admin','http://sinanews.sina.cn/sinanews.shtml?id=fxqhmvc2517166-comos-tech-cms&fromsinago=1',1458094730054),(74,'海航系12亿参与乐视体育融资','凯撒旅游入伙海航嘉兴基金，该基金参与乐视体育融资。','http://r3.sinaimg.cn/10230/2016/0316/1d/a/18575272/auto.jpg',1,1,'admin','http://sinanews.sina.cn/sinanews.shtml?id=fxqhmve9241881-comos-tech-cms&fromsinago=1',1458094730054),(75,'好莱坞艳照门黑客宣布认罪','两年前这名黑客盗取了多位明星的照片，并传播在网上。','http://r3.sinaimg.cn/10230/2016/0316/bc/8/75574576/auto.jpg',1,1,'admin','http://sinanews.sina.cn/sinanews.shtml?id=fxqhmvc2516580-comos-tech-cms&fromsinago=1',1458094730054),(76,'人工智能还将带来哪些变革？','关于人工智能造福人类还是颠覆人类的正反观点甚嚣尘上。','http://r3.sinaimg.cn/10230/2016/0316/bc/f/23576928/auto.jpg',1,1,'admin','http://sinanews.sina.cn/sinanews.shtml?id=fxqhmve9241519-comos-tech-cms&fromsinago=1',1458094730054),(77,'AlphaGo后人工智能将怎样发展','人工智能将会对智能家居、无人驾驶等方面产生巨大的影响。','http://r3.sinaimg.cn/10230/2016/0316/32/4/73571891/auto.jpg',1,1,'admin','http://sinanews.sina.cn/sinanews.shtml?id=fxqhmve9241460-comos-tech-cms&fromsinago=1',1458094730054),(78,'苹果:华盛顿也会为解锁iPhone震惊','虽然FBI获得了法院的授权，要求苹果编写新的软件，取消圣伯纳迪诺枪击案嫌疑人使用的iPhone手机里的密码保护机制。但该公司却仍在积极抗争。','http://r3.sinaimg.cn/10230/2016/0316/1f/8/79576094/auto.jpg',1,1,'admin','http://sinanews.sina.cn/sinanews.shtml?id=fxqhmve9240245-comos-tech-cms&fromsinago=1',1458114574452),(79,'刘慈欣:人工智能赢 人类该恐惧吗？','人工智能也是这样，发展人工智能肯定面临风险，但任何技术发展都面临风险，人类不会因此而不去发展。','http://r3.sinaimg.cn/10230/2016/0316/4d/3/08570569/auto.jpg',1,1,'admin','http://sinanews.sina.cn/sinanews.shtml?id=fxqhmve9242917-comos-tech-cms&fromsinago=1',1458114574512),(80,'谷歌呼吁统一无人驾驶法规','谷歌、通用汽车等公司认为各州法律的差异阻碍了创新。','http://r3.sinaimg.cn/10230/2016/0316/ed/4/98529383/auto.jpg',1,1,'admin','http://sinanews.sina.cn/sinanews.shtml?id=fxqhmvc2520712-comos-tech-cms&fromsinago=1',1458114574513),(81,'特斯拉将介入夏威夷太阳能项目','重新设计后的电池用于太阳能电池板、接入电网或建筑物上。','http://r3.sinaimg.cn/10230/2016/0316/74/4/11571800/auto.jpg',1,1,'admin','http://sinanews.sina.cn/sinanews.shtml?id=fxqhmve9248827-comos-tech-cms&fromsinago=1',1458114574515),(82,'牛电科技:李一男在协助调查','因以往私人案件原因在配合调查诉讼，公司一切运转正常。','http://r3.sinaimg.cn/10230/2016/0316/68/3/99569562/auto.jpg',1,1,'admin','http://sinanews.sina.cn/sinanews.shtml?id=fxqhmvc2527012-comos-tech-cms&fromsinago=1',1458114574516),(83,'阿里游戏发布2016年战略','在云服务、大数据、IP、流量等方面，提供全产业链服务','http://r3.sinaimg.cn/10230/2016/0316/d4/5/03570933/auto.jpg',1,1,'admin','http://sinanews.sina.cn/sinanews.shtml?id=fxqhmve9259330-comos-tech-cms&fromsinago=1',1458114574517),(84,'红米Note3WiFi失灵:千人中招','有用户表示在升级到7.1.8以后Wifi断流情况更严重了。','http://r3.sinaimg.cn/10230/2016/0316/4c/0/10569095/auto.jpg',1,1,'admin','http://sinanews.sina.cn/sinanews.shtml?id=fxqhmvc2534392-comos-tech-cms&fromsinago=1',1458114574518),(85,'\"木马\"埃洛普加盟澳洲电信','埃洛普将加入澳洲电信运营商Telstra，担任首席战略官。','http://r3.sinaimg.cn/10230/2016/0316/e3/0/67569132/auto.jpg',1,1,'admin','http://sinanews.sina.cn/sinanews.shtml?id=fxqhmve9257026-comos-tech-cms&fromsinago=1',1458114574519),(86,'刘语熙入职乐视体育经纪公司','刘语熙因“身穿哪队球服哪队就会输”的神预言一炮而红。','http://r3.sinaimg.cn/10230/2016/0316/a9/0/72570219/auto.jpg',1,1,'admin','http://sinanews.sina.cn/sinanews.shtml?id=fxqhmve9256345-comos-tech-cms&fromsinago=1',1458114574520),(87,'PP租车CEO张丙军:完成C轮融','过去的一年PP租车在战略上进行了一些调整以适应市场变化','http://r3.sinaimg.cn/10230/2016/0316/43/b/70575968/auto.jpg',1,1,'admin','http://sinanews.sina.cn/sinanews.shtml?id=fxqhmvc2533555-comos-tech-cms&fromsinago=1',1458114574521),(88,'打假:揭开创业圈的三大谎言','本应厚积薄发的创新与创业，似乎成了一蹴而就的容易事。','http://r3.sinaimg.cn/10230/2016/0316/34/5/19572135/auto.jpg',1,1,'admin','http://zhuanlan.sina.cn/article?id=50028&ch=tech&fromsinago=1',1458114574522),(89,'小米360互相起诉索赔2000万','其实两者争端早在今年1月便已产生，目前案件正在审理。','http://r3.sinaimg.cn/10230/2016/0316/35/0/41570149/auto.jpg',1,1,'admin','http://sinanews.sina.cn/sinanews.shtml?id=fxqhmvc2532378-comos-tech-cms&fromsinago=1',1458114574523),(90,'被曝光的饿了么该咋面对危机','饿了吗成为受人指摘的对象，它该如何应对才能转危为安？','http://r3.sinaimg.cn/10230/2016/0316/e8/2/00569636/auto.jpg',1,1,'admin','http://zhuanlan.sina.cn/article?id=50026&ch=tech&fromsinago=1',1458114574524),(91,'HERE地图将不再支持WP手机','选择Windows Phone的理由又少一个。','http://r3.sinaimg.cn/10230/2016/0316/b9/2/22569708/auto.jpg',1,1,'admin','http://sinanews.sina.cn/sinanews.shtml?id=fxqhmve9254616-comos-tech-cms&fromsinago=1',1458114574525),(92,'黑市里iPhone是这样被解锁的！','为解锁手机很可能进入骗子的迷局，损失惨重，得不偿失。','http://r3.sinaimg.cn/10230/2016/0316/72/8/70574465/auto.jpg',1,1,'admin','http://sinanews.sina.cn/sinanews.shtml?id=fxqhmvc2531570-comos-tech-cms&fromsinago=1',1458114574526),(93,'上海食药监局对饿了么立案调查','上海食药监局通报，对饿了么处以罚款12万元，并立案调查。','http://r3.sinaimg.cn/10230/2016/0316/12/d/10577398/auto.jpg',1,1,'admin','http://sinanews.sina.cn/sinanews.shtml?id=fxqhmve9254182-comos-tech-cms&fromsinago=1',1458114574527),(94,'机器人接管90%工作是好事吗','就像不相信手撕鬼子一样，我们也不该那么相信终结者。','http://r3.sinaimg.cn/10230/2016/0316/c9/b/30576955/auto.jpg',1,1,'admin','http://zhuanlan.sina.cn/article?id=50025&ch=tech&fromsinago=1',1458114574531),(95,'315思考:互联网+下的监管缺位','饿了么监督体系失效，甚至员工为了考核会帮助用户造假。','http://r3.sinaimg.cn/10230/2016/0316/ba/8/17576043/auto.jpg',1,1,'admin','http://zhuanlan.sina.cn/article?id=50023&ch=tech&fromsinago=1',1458114574532),(96,'谷歌计划建新总部:外形酷似帐篷','谷歌计划在加州山景城建设一个新总部大楼，新总部面积为56万平方米，可容纳3000人办公。','http://r3.sinaimg.cn/10230/2016/0316/f0/7/08570003/auto.jpg',1,1,'admin','http://photo.sina.cn/album_5_18966_67833.htm?ch=5&fromsinago=1',1458114574533),(97,'AlphaGo之父:AI很快改变生活','“我觉得，在接下来的两到三年里你就可以看到这些成果的开始应用，并且对工作与生活有切实的影响。而在五六年之后，你就会发现这些技术对生活的巨大改变了。”','http://r3.sinaimg.cn/10230/2016/0316/54/6/58569328/auto.jpg',1,1,'admin','http://sinanews.sina.cn/sinanews.shtml?id=fxqhmve9259373-comos-tech-cms&fromsinago=1',1458128268882),(98,'“木马”埃洛普加盟澳洲电信','埃洛普将加入澳洲电信运营商Telstra，担任首席战略官。','http://r3.sinaimg.cn/10230/2016/0316/e3/0/67569132/auto.jpg',1,1,'admin','http://sinanews.sina.cn/sinanews.shtml?id=fxqhmve9257026-comos-tech-cms&fromsinago=1',1458128268947),(99,'战略新兴板或为暂缓而非取消','此前有媒体称十三五规划删除了“设立战略新兴板”。','http://r3.sinaimg.cn/10230/2016/0316/f0/8/75574623/auto.jpg',1,1,'admin','http://sinanews.sina.cn/sinanews.shtml?id=fxqnski7644040-comos-tech-cms&fromsinago=1',1458128268950),(100,'索尼PS VR会成下个Walkman吗','PS VR会成为下一个Walkman，让索尼再现昔日辉煌吗？','http://r3.sinaimg.cn/10230/2016/0316/97/d/88576632/auto.jpg',1,1,'admin','http://sinanews.sina.cn/sinanews.shtml?id=fxqhmvc2544121-comos-tech-cms&fromsinago=1',1458128268951),(101,'AlphaGo惊人一手:已有创造力？','AlphaGo表现令人刮目。而创造力被认为是人类特性之一。','http://r3.sinaimg.cn/10230/2016/0316/0b/0/02567300/auto.jpg',1,1,'admin','http://sinanews.sina.cn/sinanews.shtml?id=fxqhmvc2543838-comos-tech-cms&fromsinago=1',1458128268952),(102,'魅族PRO 6将首发联发科X25','白永祥在微博表示魅族PRO 6将首发MTK新款X25旗舰平台。','http://r3.sinaimg.cn/10230/2016/0316/9b/4/44570259/auto.jpg',1,1,'admin','http://sinanews.sina.cn/sinanews.shtml?id=fxqhmvc2543328-comos-tech-cms&fromsinago=1',1458128268953),(103,'监管层叫停P2P资金安全险','阳光保险合作的P2P网贷平台数量整体合作数量近三成。','http://r3.sinaimg.cn/10230/2016/0105/ac/1/17564281/auto.jpg',1,1,'admin','http://sinanews.sina.cn/sinanews.shtml?id=fxqhmvc2542260-comos-tech-cms&fromsinago=1',1458128268954),(104,'中国联通2015年净利润106亿元','截至2015年底，中国联通使用4G网络的用户数达4416万户。','http://r3.sinaimg.cn/10230/2015/0821/97/e/29548981/auto.jpg',1,1,'admin','http://sinanews.sina.cn/sinanews.shtml?id=fxqhmvc2542221-comos-tech-cms&fromsinago=1',1458128268955),(105,'中国联通4G用户数破5000万','移动出账用户数净增33.5万，宽带用户新增25.9万户。','http://r3.sinaimg.cn/10230/2015/0821/97/e/29548981/auto.jpg',1,1,'admin','http://sinanews.sina.cn/sinanews.shtml?id=fxqhmve9262075-comos-tech-cms&fromsinago=1',1458128268956),(106,'没战略新兴板哪些公司要遭殃','设立战略性新兴产业板被从十三五规划纲要草案中删除。','http://r3.sinaimg.cn/10230/2016/0316/8c/d/19577276/auto.jpg',1,1,'admin','http://sinanews.sina.cn/sinanews.shtml?id=fxqhmvc2539588-comos-tech-cms&fromsinago=1',1458128268957),(107,'车易拍其实该感谢央视曝光','我们期待2017年的央视315晚会能够找回原来的公信力。','http://r3.sinaimg.cn/10230/2016/0316/73/4/60571402/auto.jpg',1,1,'admin','http://zhuanlan.sina.cn/article?id=50034&ch=tech&fromsinago=1',1458128268958),(108,'美妆电商天天网布局海外购业务','设立香港全资子公司来运营海外购业务','http://r3.sinaimg.cn/10230/2016/0316/b6/0/25569059/auto.jpg',1,1,'admin','http://sinanews.sina.cn/sinanews.shtml?id=fxqhmvc2536907-comos-tech-cms&fromsinago=1',1458128268959),(109,'揭秘闪付卡信息如何被快偷的','特制读卡器，隔着厚厚的钱包和衣服就能读取闪付卡的数据。','http://r3.sinaimg.cn/10230/2016/0316/23/1/35568490/auto.jpg',1,1,'admin','http://sinanews.sina.cn/sinanews.shtml?id=fxqhmvc2536889-comos-tech-cms&fromsinago=1',1458128268960),(110,'德法院判决苹果软件专利侵权','德国杜塞尔多夫地区法院周二做出了这一判决。判决称，在德国销售的苹果产品不得使用侵犯OpenTV专利权的流媒体软件。','http://r3.sinaimg.cn/10230/2016/0317/9a/c/04575954/auto.jpg',1,1,'admin','http://sinanews.sina.cn/sinanews.shtml?id=fxqnski7655874-comos-tech-cms&fromsinago=1',1458183403167),(111,'山寨无人机横行:最低仅售49元','在深圳市华强北街头就曾看到，有好几家航模卖家大声吆喝售卖“小型无人机”，这些航模产品，配上劣质的摄像头部件，总售价在99元到200多元不等。','http://r3.sinaimg.cn/10230/2016/0317/70/5/22573171/auto.jpg',1,1,'admin','http://sinanews.sina.cn/sinanews.shtml?id=fxqnski7653920-comos-tech-cms&fromsinago=1',1458183403232),(112,'柯洁调整胜率表示应战AlphaGo','柯洁经纪人庄文回应称，还没有接到谷歌方面的正式邀请。','http://r3.sinaimg.cn/10230/2016/0317/9c/b/98534118/auto.jpg',1,1,'admin','http://sinanews.sina.cn/sinanews.shtml?id=fxqnnkr9355793-comos-tech-cms&fromsinago=1',1458183403234),(113,'饿了么遭多地食药监局立案调查','全国多地食药监部门连夜查处“饿了么”平台多家违规店铺。','http://r3.sinaimg.cn/10230/2016/0316/4d/6/54570584/auto.jpg',1,1,'admin','http://sinanews.sina.cn/sinanews.shtml?id=fxqnski7653636-comos-tech-cms&fromsinago=1',1458183403235),(114,'扎克伯格:Oculus虚拟现实大使','艾里布表示，扎克伯格一直都是虚拟现实的坚定支持者。','http://r3.sinaimg.cn/10230/2016/0317/a6/a/58576334/auto.jpg',1,1,'admin','http://sinanews.sina.cn/sinanews.shtml?id=fxqnski7657498-comos-tech-cms&fromsinago=1',1458183403237),(115,'Uber的摩托打车在印度被叫停','上线半个月，Uber和Ola都暂停了在班加罗尔的摩托打车。','http://r3.sinaimg.cn/10230/2016/0316/18/d/95577357/auto.jpg',1,1,'admin','http://sinanews.sina.cn/sinanews.shtml?id=fxqnskh0874281-comos-tech-cms&fromsinago=1',1458183403238),(116,'IDG牛奎光:我咋判断创业项目','找到自己的切入点，扎进去！建立起根据地，同时扩大地盘','http://r3.sinaimg.cn/10230/2016/0317/c7/4/95571943/auto.jpg',1,1,'admin','http://sinanews.sina.cn/sinanews.shtml?id=fxqnskh0894972-comos-tech-cms&fromsinago=1',1458183403239),(117,'人类2040年可登陆火星行程3年','火星的第一颗卫星火卫一，届时可能为登陆扮演关键要角。','http://r3.sinaimg.cn/10230/2016/0317/42/e/84575554/auto.jpg',1,1,'admin','http://sinanews.sina.cn/sinanews.shtml?id=fxqnski7665704-comos-tech-cms&fromsinago=1',1458183403240),(118,'三家中国银行开始支持Apple Pay','华夏／光大／平安三家银行今日加入Apple Pay豪华套餐。','http://r3.sinaimg.cn/10230/2016/0317/e5/e/51575864/auto.jpg',1,1,'admin','http://sinanews.sina.cn/sinanews.shtml?id=fxqnski7665567-comos-tech-cms&fromsinago=1',1458183403241),(119,'日科学家发现可防治胃癌的酶','这也是科学家首次弄清细菌和病毒“联手”致癌的机制。','http://r3.sinaimg.cn/10230/2016/0317/63/9/89574720/auto.jpg',1,1,'admin','http://sinanews.sina.cn/sinanews.shtml?id=fxqnski7665155-comos-tech-cms&fromsinago=1',1458183403242),(120,'沃兹:买苹果手表像是买首饰','沃兹：这不是当初那个苹果，也不是那个改变世界的苹果。','http://r3.sinaimg.cn/10230/2016/0317/94/7/35570678/auto.jpg',1,1,'admin','http://sinanews.sina.cn/sinanews.shtml?id=fxqnski7664365-comos-tech-cms&fromsinago=1',1458183403244),(121,'极客帮创投蒋涛:AI走向何方','可当人工智能的IQ超过10000会发生什么样的事情？','http://r3.sinaimg.cn/10230/2016/0317/5d/d/47578246/auto.jpg',1,1,'admin','http://sinanews.sina.cn/sinanews.shtml?id=fxqnskh0892635-comos-tech-cms&fromsinago=1',1458183403245),(122,'硅谷融资估值下滑或是理性回调','创业公司遭遇融资困难和估值下滑是此前泡沫的健康回调','http://r3.sinaimg.cn/10230/2016/0317/8f/d/15576408/auto.jpg',1,1,'admin','http://sinanews.sina.cn/sinanews.shtml?id=fxqnski7664119-comos-tech-cms&fromsinago=1',1458183403246),(123,'鸿夏恋对面板行业格局影响','倘若鸿海真的顺利的收购了夏普，将会有甚么影响呢？','http://r3.sinaimg.cn/10230/2016/0317/70/4/86569444/auto.jpg',1,1,'admin','http://sinanews.sina.cn/sinanews.shtml?id=fxqnskh0891825-comos-tech-cms&fromsinago=1',1458183403247),(124,'GDC:中国山寨手游问题突显','手游业者达成了这样一个共识，中国手游大多是山寨作品，','http://r3.sinaimg.cn/10230/2016/0317/ca/9/47576434/auto.jpg',1,1,'admin','http://sinanews.sina.cn/sinanews.shtml?id=fxqnski7663163-comos-tech-cms&fromsinago=1',1458183403248),(125,'猎豹利润近八成来自政府补贴','第四季度收到近6000万元的政府补贴资金，占利润的77.9%','http://r3.sinaimg.cn/10230/2016/0317/bc/9/53575891/auto.jpg',1,1,'admin','http://sinanews.sina.cn/sinanews.shtml?id=fxqnskh0891456-comos-tech-cms&fromsinago=1',1458183403249),(126,'Xbox One今夏将支持Win10应用','微软还表示，Windows Store和Xbox Store将会合并。','http://r3.sinaimg.cn/10230/2016/0317/33/9/49576459/auto.jpg',1,1,'admin','http://sinanews.sina.cn/sinanews.shtml?id=fxqnskh0891311-comos-tech-cms&fromsinago=1',1458183403253),(127,'创始人如何找到之间的平衡？','关于如何找到我和我们之间的平衡并没有一个简单的答案','http://r3.sinaimg.cn/10230/2016/0317/f6/3/61570560/auto.jpg',1,1,'admin','http://sinanews.sina.cn/sinanews.shtml?id=fxqnskh0891300-comos-tech-cms&fromsinago=1',1458183403254),(128,'苹果和小米:成也粉丝败也粉丝','小米和苹果尽管处于不同的境遇，却面临着同样的困局。','http://r3.sinaimg.cn/10230/2016/0317/fa/6/48529161/auto.jpg',1,1,'admin','http://zhuanlan.sina.cn/article?id=50062&ch=tech&fromsinago=1',1458183403256),(132,'怪咖评测神州专车:价格没啥优势','优点：服务统一、用户体验良好、响应速度快。缺点：客单价高、定位准确性有待提高、可以增添附加服务。','http://r3.sinaimg.cn/10230/2016/0318/1d/2/45569726/auto.jpg',1,1,'admin','http://sinanews.sina.cn/sinanews.shtml?id=fxqnski7692926-comos-tech-cms&fromsinago=1',1458266230635),(133,'微软推Windows 10 Mobile系统','搭载Windows 10 Mobile系统的一批机型已在此前出货，如Lumia 950、小米4和阿尔卡特OneTouch Fierce XL等，但微软此次是面向现有的Windows Phone设备推出这个系统。','http://r3.sinaimg.cn/10230/2016/0318/11/e/45578036/auto.jpg',1,1,'admin','http://sinanews.sina.cn/sinanews.shtml?id=fxqnskh0930573-comos-tech-cms&fromsinago=1',1458266230699),(134,'机器人网红:现在谷歌要抛弃它','这距离谷歌收购Boston Dynamics仅仅过去了两年多时间。','http://r3.sinaimg.cn/10230/2016/0318/5a/5/80570953/auto.jpg',1,1,'admin','http://sinanews.sina.cn/sinanews.shtml?id=fxqnskh0930148-comos-tech-cms&fromsinago=1',1458266230699),(135,'饿了么曝光:深圳800家餐厅下线','“饿了么”去年已被深圳市市场稽查局立案调查。','http://r3.sinaimg.cn/10230/2016/0317/95/1/21569188/auto.jpg',1,1,'admin','http://sinanews.sina.cn/sinanews.shtml?id=fxqnski7691407-comos-tech-cms&fromsinago=1',1458266230699),(136,'马化腾:腾讯无意分拆微信业务','称微信和QQ及QQ空间一样，不存在分拆的可能性。','http://r3.sinaimg.cn/10230/2016/0317/a9/c/01576898/auto.jpg',1,1,'admin','http://sinanews.sina.cn/sinanews.shtml?id=fxqnski7689622-comos-tech-cms&fromsinago=1',1458266230699),(137,'VR生态调查:山寨丛生巨头惊蛰','数据显示，去年200多家VC在VR领域投资35亿美元。','http://r3.sinaimg.cn/10230/2016/0318/ee/4/40570663/auto.jpg',1,1,'admin','http://sinanews.sina.cn/sinanews.shtml?id=fxqnsty4497150-comos-tech-cms&fromsinago=1',1458266230699),(138,'美的收购东芝白色家电业务','收购东芝白电业务是美的落实全球经营战略的关键一步。','http://r3.sinaimg.cn/10230/2016/0318/3f/f/65575983/auto.jpg',1,1,'admin','http://sinanews.sina.cn/sinanews.shtml?id=fxqnskh0941157-comos-tech-cms&fromsinago=1',1458266230699),(139,'美禁止任何无产权平衡车销售','美阻止任何侵犯专利的平衡车进口，知识产权成打击手段。','http://r3.sinaimg.cn/10230/2016/0318/ed/a/60576415/auto.jpg',1,1,'admin','http://sinanews.sina.cn/sinanews.shtml?id=fxqnski7704103-comos-tech-cms&fromsinago=1',1458266230699),(140,'智能手环还能有什么新玩法','喜欢说手环已死的大多是急功近利的投资者或媒体人。','http://r3.sinaimg.cn/10230/2016/0318/e3/e/33575848/auto.jpg',1,1,'admin','http://sinanews.sina.cn/sinanews.shtml?id=fxqnski7703686-comos-tech-cms&fromsinago=1',1458266230699),(141,'搜房撬错门致房主十万财物丢失','搜房网答复称，对不起搞错了房号，能赔偿，但不能超1万。','http://r3.sinaimg.cn/10230/2016/0318/00/3/40569029/auto.jpg',1,1,'admin','http://sinanews.sina.cn/sinanews.shtml?id=fxqnskh0939952-comos-tech-cms&fromsinago=1',1458266230699),(142,'英特尔VR不会直接提供销售','英特尔VR并没有打算推向市场面向消费者出售的计划。','http://r3.sinaimg.cn/10230/2016/0318/c1/e/13576530/auto.jpg',1,1,'admin','http://sinanews.sina.cn/sinanews.shtml?id=fxqnskh0939762-comos-tech-cms&fromsinago=1',1458266230699),(143,'柯洁回应谷歌工程师挑战','柯洁回应“咱能动手就尽量别瞎BB”，貌似是想参加比赛。','http://r3.sinaimg.cn/10230/2016/0318/10/1/66569692/auto.jpg',1,1,'admin','http://sinanews.sina.cn/sinanews.shtml?id=fxqnnkr9476486-comos-tech-cms&fromsinago=1',1458266230699),(144,'唯品会客服:不找媒体退一赔九','燕窝买家称唯品会客服承诺我说只要不找媒体，退一赔九。','http://r3.sinaimg.cn/10230/2016/0318/de/c/39576324/auto.jpg',1,1,'admin','http://sinanews.sina.cn/sinanews.shtml?id=fxqnski7702150-comos-tech-cms&fromsinago=1',1458266230699),(145,'OPPO R9发布会都讲了啥','升级的ColorOS 3.0以及1600万像素自拍是新机最大亮点。','http://r3.sinaimg.cn/10230/2016/0318/ba/d/87577203/auto.jpg',1,1,'admin','http://sinanews.sina.cn/sinanews.shtml?id=fxqnski7701970-comos-tech-cms&fromsinago=1',1458266230699),(146,'东芝被收购:日企为何退出家电','全球家电竞争将主要在中国和韩国两个国家之间展开。','http://r3.sinaimg.cn/10230/2016/0318/0a/0/27569536/auto.jpg',1,1,'admin','http://zhuanlan.sina.cn/article?id=50096&ch=tech&fromsinago=1',1458266230715),(147,'智能船桨助力海上皮划艇运动','为什么看老外皮划艇玩的那么好？原来他们也是有窍门的。','http://r3.sinaimg.cn/10230/2016/0318/4f/7/16571912/auto.jpg',1,1,'admin','http://sinanews.sina.cn/sinanews.shtml?id=fxqnski7701789-comos-tech-cms&fromsinago=1',1458266230715),(148,'小米5与小米4S手机对比评测','面对300元的差价，不少朋友正在纠结，究竟选哪个好呢？','http://r3.sinaimg.cn/10230/2016/0318/c7/3/31568479/auto.jpg',1,1,'admin','http://sinanews.sina.cn/sinanews.shtml?id=fxqnskh0938062-comos-tech-cms&fromsinago=1',1458266230715),(149,'偷偷告诉你嘿嘿嘿的8大好处','你需要提高这件事在你日程表中的地位。','http://r3.sinaimg.cn/10230/2016/0318/90/c/24576947/auto.jpg',1,1,'admin','http://sinanews.sina.cn/sinanews.shtml?id=fxqnski7701268-comos-tech-cms&fromsinago=1',1458266230715),(150,'Edge浏览器终于支持插件啦','微软将提供3款插件供用户测试，未来还将支持广告屏蔽。','http://r3.sinaimg.cn/10230/2016/0318/b5/d/40575710/auto.jpg',1,1,'admin','http://sinanews.sina.cn/sinanews.shtml?id=fxqnskh0937725-comos-tech-cms&fromsinago=1',1458266230715),(151,'扎克伯格晒照片:在天安门跑步','访华先跑天安门、故宫、天坛。小扎今年已跑100英里。','http://r3.sinaimg.cn/10230/2016/0318/83/f/41577362/auto.jpg',1,1,'admin','http://sinanews.sina.cn/sinanews.shtml?id=fxqnski7708694-comos-tech-cms&fromsinago=1',1458285879103),(152,'FBI警告美国车主当心黑客攻击','黑客盯上了越来越多使用车联网技术的汽车。','http://r3.sinaimg.cn/10230/2016/0318/29/3/60568585/auto.jpg',1,1,'admin','http://sinanews.sina.cn/sinanews.shtml?id=fxqnskh0944526-comos-tech-cms&fromsinago=1',1458285879118),(153,'联想重大重组:涉所有业务集团','2016年，联想将加速向以用户为中心进行彻底转变。','http://r3.sinaimg.cn/10230/2016/0318/26/8/59575197/auto.jpg',1,1,'admin','http://sinanews.sina.cn/sinanews.shtml?id=fxqnskh0958043-comos-tech-cms&fromsinago=1',1458285879118),(154,'暴风科技并购估值合理性遭问询','深交所在其官网上发布了对于暴风科技的重组问询函。','http://r3.sinaimg.cn/10230/2016/0318/53/b/80577252/auto.jpg',1,1,'admin','http://sinanews.sina.cn/sinanews.shtml?id=fxqnskh0956452-comos-tech-cms&fromsinago=1',1458285879118),(155,'腾讯财报:营收成本大幅上升','腾讯2015年全年收入成本增加了35%，达到416.31亿元。','http://r3.sinaimg.cn/10230/2016/0318/ad/2/06569025/auto.jpg',1,1,'admin','http://sinanews.sina.cn/sinanews.shtml?id=fxqnskh0953826-comos-tech-cms&fromsinago=1',1458285879118),(156,'55英寸IGZO屏4K电视四月上市','全球首款55英寸IGZO屏4K超高清智能电视将全面上架。','http://r3.sinaimg.cn/10230/2016/0318/7f/4/24571140/auto.jpg',1,1,'admin','http://sinanews.sina.cn/sinanews.shtml?id=fxqnskh0953694-comos-tech-cms&fromsinago=1',1458285879118),(157,'苹果工程师:辞职也不帮FBI','被安排解锁iPhone任务的员工可以选择退出，或是罢工。','http://r3.sinaimg.cn/10230/2016/0220/6e/e/78574810/auto.jpg',1,1,'admin','http://sinanews.sina.cn/sinanews.shtml?id=fxqnskh0951918-comos-tech-cms&fromsinago=1',1458285879118),(158,'那些年我们直播过的苹果发布会','一篇预热稿也是怀旧文，致老同事，并感谢以往的对手们。','http://r3.sinaimg.cn/10230/2016/0318/2c/8/15577340/auto.jpg',1,1,'admin','http://sinanews.sina.cn/sinanews.shtml?id=fxqnski7713545-comos-tech-cms&fromsinago=1',1458285879118),(159,'易到车主:正常接单被封号罚款','车主正常接单却常常出现款项被扣、账号被封的情况。','http://r3.sinaimg.cn/10230/2016/0318/6e/d/82577017/auto.jpg',1,1,'admin','http://sinanews.sina.cn/sinanews.shtml?id=fxqnskh0950670-comos-tech-cms&fromsinago=1',1458285879118),(160,'流言揭秘：盐吃多了长雀斑？','高钠饮食虽有很多危害，但雀斑这个黑锅，人家真不背。','http://r3.sinaimg.cn/10230/2016/0318/95/7/60571392/auto.jpg',1,1,'admin','http://sinanews.sina.cn/sinanews.shtml?id=fxqnski7712371-comos-tech-cms&fromsinago=1',1458285879118),(161,'未来70％工作被人工智能替代','可以预见，未来人工智能将会成为我们日常生活中的一部分。','http://r3.sinaimg.cn/10230/2016/0318/57/6/77571791/auto.jpg',1,1,'admin','http://sinanews.sina.cn/sinanews.shtml?id=fxqnski7711451-comos-tech-cms&fromsinago=1',1458285879118),(162,'创业资本过冬:春天还有多久？','3-5年会迎来较长的资本春天，先进技术手段成为新机遇。','http://r3.sinaimg.cn/10230/2016/0318/b7/7/01571645/auto.jpg',1,1,'admin','http://sinanews.sina.cn/sinanews.shtml?id=fxqnskh0948577-comos-tech-cms&fromsinago=1',1458285879118),(163,'独角兽估值下跌引发硅谷恐慌','估值不仅是数字，从高处跌落往往也伴随公司内剧烈动荡。','http://r3.sinaimg.cn/10230/2016/0318/d9/3/78569229/auto.jpg',1,1,'admin','http://sinanews.sina.cn/sinanews.shtml?id=fxqnski7710882-comos-tech-cms&fromsinago=1',1458285879118),(164,'肉眼所不可见的太阳磁场精细','太阳的表面到处都在上演着剧烈的各种运动。','http://r3.sinaimg.cn/10230/2016/0318/37/b/59575441/auto.jpg',1,1,'admin','http://sinanews.sina.cn/sinanews.shtml?id=fxqnski7710751-comos-tech-cms&fromsinago=1',1458285879135),(165,'Dropbox拟折价34%出售股票','这批股票将在二级市场上出售，定价为每股12.60美元。','http://r3.sinaimg.cn/10230/2016/0318/af/b/15575254/auto.jpg',1,1,'admin','http://sinanews.sina.cn/sinanews.shtml?id=fxqnskh0948153-comos-tech-cms&fromsinago=1',1458285879135),(166,'我国人工智能技术落后多少','至少在图像识别领域我国已经有一定的技术和专利积累。','http://r3.sinaimg.cn/10230/2016/0318/77/2/57569334/auto.jpg',1,1,'admin','http://zhuanlan.sina.cn/article?id=50119&ch=tech&fromsinago=1',1458285879135),(167,'深圳工厂探访:难理解小米思维','能不能理解小米的“互联网思维”，对深圳的中小电子厂商来说，显得并不重要。','http://r3.sinaimg.cn/10230/2016/0321/26/a/98534712/auto.jpg',1,1,'admin','http://sinanews.sina.cn/sinanews.shtml?id=fxqnskh1024940-comos-tech-cms&fromsinago=1',1458541151124),(168,'解密AlphaGo:TA有了人类直觉','AlphaGo的学习能力令人吃惊，据了解，它曾研究了围棋的三千万种可能。','http://r3.sinaimg.cn/10230/2016/0321/c1/7/56573728/auto.jpg',1,1,'admin','http://sinanews.sina.cn/sinanews.shtml?id=fxqnskh1029162-comos-tech-cms&fromsinago=1',1458541151186),(169,'多地明确新能源汽车地方补贴政策','北京、河北、江苏等地率先明确了今年的地方新能源汽车补贴政策；部分地方去年年底新能源汽车补贴政策到期后，尚未出台新政策。','http://r3.sinaimg.cn/10230/2016/0321/46/2/25568847/auto.jpg',1,1,'admin','http://sinanews.sina.cn/sinanews.shtml?id=fxqnnkr9688196-comos-tech-cms&fromsinago=1',1458541151188),(170,'直播苹果发布会:新iPhone要来','新浪科技联合王自如、熊猫TV进行视频直播。直播中还有红包哦~','http://r3.sinaimg.cn/10230/2016/0321/fa/a/15576897/auto.jpg',1,1,'admin','http://tech.sina.cn/tech_zt/2016applespringevent?fromsinago=1',1458541151189),(171,'专家也不清楚VR的负面效应？','可是对于VR技术，专家好像也不太清楚具体的负面效应。','http://r3.sinaimg.cn/10230/2016/0321/7a/1/72569858/auto.jpg',1,1,'admin','http://sinanews.sina.cn/sinanews.shtml?id=fxqnski7772894-comos-tech-cms&fromsinago=1',1458541151190),(172,'相对论存疑:地球太阳距离加大','爱因斯坦所有预言得到证明，但一些细节与理论不相符。','http://r3.sinaimg.cn/10230/2016/0321/39/3/62569640/auto.jpg',1,1,'admin','http://sinanews.sina.cn/sinanews.shtml?id=fxqnskh1039154-comos-tech-cms&fromsinago=1',1458541151192),(173,'\"中国芯\"入资法国半导体公司','芯片产业被提高到国家战略以来，投资并购越来越常见。','http://r3.sinaimg.cn/10230/2016/0321/b3/e/16576379/auto.jpg',1,1,'admin','http://sinanews.sina.cn/sinanews.shtml?id=fxqnski7790972-comos-tech-cms&fromsinago=1',1458541151193),(174,'Kindle强制用户升级否则断网','老款的Kindle电子阅读器用户必须在3月22号前进行升级','http://r3.sinaimg.cn/10230/2016/0321/13/d/75576582/auto.jpg',1,1,'admin','http://sinanews.sina.cn/sinanews.shtml?id=fxqnnkr9738395-comos-tech-cms&fromsinago=1',1458541151194),(175,'虚拟现实是HTC救命稻草吗？','对于HTC来说，或许不应该过于沉浸在VR的美好幻想中。','http://r3.sinaimg.cn/10230/2016/0321/0e/c/23576034/auto.jpg',1,1,'admin','http://zhuanlan.sina.cn/article?id=50196&ch=tech&fromsinago=1',1458541151195),(176,'苗圩否认2000亿TD投资打水漂','工信部部长苗圩指出，没有TD-SCDMA就没有今天的TD-LTE。','http://r3.sinaimg.cn/10230/2016/0321/36/3/71570323/auto.jpg',1,1,'admin','http://sinanews.sina.cn/sinanews.shtml?id=fxqnskh1052951-comos-tech-cms&fromsinago=1',1458541151196),(177,'苹果春季发布会新品大猜想','2016苹果春季新品发布会，我们来带您看点有意思的内容。','http://r3.sinaimg.cn/10230/2016/0321/b7/3/50570719/auto.jpg',1,1,'admin','http://sinanews.sina.cn/sinanews.shtml?id=fxqnski7788254-comos-tech-cms&fromsinago=1',1458541151197),(178,'中国废除城市出租汽车管理办法','城市出租汽车管理办法自一九九八年二月施行，今废除','http://r3.sinaimg.cn/10230/2016/0321/e7/6/23571114/auto.jpg',1,1,'admin','http://sinanews.sina.cn/sinanews.shtml?id=fxqnski7787666-comos-tech-cms&fromsinago=1',1458541151198),(179,'苹果需给用户购买iPad的新理由','此次推出的新款iPad，可以将其称为“缩小版iPad Pro”。','http://r3.sinaimg.cn/10230/2016/0321/c8/d/58577615/auto.jpg',1,1,'admin','http://sinanews.sina.cn/sinanews.shtml?id=fxqnsty4770551-comos-tech-cms&fromsinago=1',1458541151200),(180,'NASA将发送3D打印工厂至太空','NASA打算下周二向国际空间站发送一个商业制造工厂AMF。','http://r3.sinaimg.cn/10230/2016/0321/f9/c/12576562/auto.jpg',1,1,'admin','http://sinanews.sina.cn/sinanews.shtml?id=fxqnski7785933-comos-tech-cms&fromsinago=1',1458541151201),(181,'Nexus 5X/6P更新后指纹失常','也有部分用户表示它们在更新后指纹识别依然可正常工作。','http://r3.sinaimg.cn/10230/2016/0321/af/1/81570977/auto.jpg',1,1,'admin','http://sinanews.sina.cn/sinanews.shtml?id=fxqnski7785531-comos-tech-cms&fromsinago=1',1458541151202),(182,'Twitter CEO:140字限制不取消','多西称，140字符的限制是一种好的约束，它带来简洁感','http://r3.sinaimg.cn/10230/2016/0321/dc/b/45575450/auto.jpg',1,1,'admin','http://sinanews.sina.cn/sinanews.shtml?id=fxqnsty4768694-comos-tech-cms&fromsinago=1',1458541151203),(183,'千元下无人机=玩具:飞远就没了','380元的无人机，飞太远找不回来了，一键返航系统不灵','http://r3.sinaimg.cn/10230/2016/0321/38/2/65571863/auto.jpg',1,1,'admin','http://sinanews.sina.cn/sinanews.shtml?id=fxqnski7784651-comos-tech-cms&fromsinago=1',1458541151206),(184,'小米布局线下不赚钱有啥用','如何获取线下的高利润才是小米真正需要研究的课题。','http://r3.sinaimg.cn/10230/2016/0321/dd/b/42576189/auto.jpg',1,1,'admin','http://zhuanlan.sina.cn/article?id=50189&ch=tech&fromsinago=1',1458541151208),(185,'易到烧钱贴用户优步放外牌','新一轮专车大战正在上海滩悄然上演，易到用车PK优步。','http://r3.sinaimg.cn/10230/2016/0321/4a/b/97575887/auto.jpg',1,1,'admin','http://sinanews.sina.cn/sinanews.shtml?id=fxqnskh1044911-comos-tech-cms&fromsinago=1',1458541151209),(186,'猫型机器人你来负责卖萌耍宝','当它的LED眼睛闪闪发亮，猫型机器人就算正式启动了。','http://r3.sinaimg.cn/10230/2016/0321/c0/e/91577286/auto.jpg',1,1,'admin','http://sinanews.sina.cn/sinanews.shtml?id=fxqnskh1044622-comos-tech-cms&fromsinago=1',1458541151210),(187,'360手机F4发布:售价599元起','','http://r3.sinaimg.cn/10230/2016/0321/30/a/39574882/auto.jpg',1,1,'admin','http://tech.sina.cn/tech_zt/360f4?fromsinago=1',1458556615644),(188,'大疆将售喷农药的植保无人机','每小时作业量可达40-60亩，效率是人工的40倍以上。','http://r3.sinaimg.cn/10230/2016/0321/c7/d/94576771/auto.jpg',1,1,'admin','http://sinanews.sina.cn/sinanews.shtml?id=fxqnskh1059114-comos-tech-cms&fromsinago=1',1458556615647),(189,'洪泰创新空间和优客工场将合并','二者创始人王胜江和毛大庆今日进行了进一步会谈。','http://r3.sinaimg.cn/10230/2016/0321/c3/a/18575977/auto.jpg',1,1,'admin','http://sinanews.sina.cn/sinanews.shtml?id=fxqnskh1070809-comos-tech-cms&fromsinago=1',1458556615650),(190,'富士康收夏普报价下调9亿美元','夏普计划在月底前召开董事会议，对新救助方案作出决定。','http://r3.sinaimg.cn/10230/2016/0321/5c/b/56576146/auto.jpg',1,1,'admin','http://sinanews.sina.cn/sinanews.shtml?id=fxqnskh1069981-comos-tech-cms&fromsinago=1',1458556615651),(191,'为何中国科学家大都不愿创业','“科学家不创业，光靠年轻的大学生……终归不行。”','http://r3.sinaimg.cn/10230/2016/0310/40/0/53569794/auto.jpg',1,1,'admin','http://sinanews.sina.cn/sinanews.shtml?id=fxqnski7804916-comos-tech-cms&fromsinago=1',1458556615652),(192,'垂直母婴电商再度兴起','在最近的两年里，母婴市场上又出现了一些新的变化。','http://r3.sinaimg.cn/10230/2016/0321/68/e/44575548/auto.jpg',1,1,'admin','http://sinanews.sina.cn/sinanews.shtml?id=fxqnski7804511-comos-tech-cms&fromsinago=1',1458556615653),(193,'滴滴全平台日订单突破1000万','未来3年，滴滴用大数据和人工智能调动所有的交通工具','http://r3.sinaimg.cn/10230/2016/0303/ee/6/47566805/auto.jpg',1,1,'admin','http://sinanews.sina.cn/sinanews.shtml?id=fxqnskh1068048-comos-tech-cms&fromsinago=1',1458556615654),(194,'张勇:阿里下一目标是6万亿','张勇发布阿里下一目标：2020财年GMV超过6万元亿人民币。','http://r3.sinaimg.cn/10230/2016/0321/2d/b/65575441/auto.jpg',1,1,'admin','http://sinanews.sina.cn/sinanews.shtml?id=fxqnski7803186-comos-tech-cms&fromsinago=1',1458556615655),(195,'Magic Leap增强现实计划曝光','这家融资了5.43亿美元的神秘公司，要下盘增强现实大棋。','http://r3.sinaimg.cn/10230/2016/0321/ac/2/52570041/auto.jpg',1,1,'admin','http://sinanews.sina.cn/sinanews.shtml?id=fxqnskh1066876-comos-tech-cms&fromsinago=1',1458556615657),(196,'人工智能还能帮企业日常运营','几乎财富500强都在用机器学习技术去提高效率，赚更多钱。','http://r3.sinaimg.cn/10230/2016/0321/72/f/93577339/auto.jpg',1,1,'admin','http://sinanews.sina.cn/sinanews.shtml?id=fxqnskh1065259-comos-tech-cms&fromsinago=1',1458556615658),(197,'4月24日定为“中国航天日”','国务院3月21日发布关于同意设立“中国航天日”的批复。','http://r3.sinaimg.cn/10230/2016/0321/b9/5/00571476/auto.jpg',1,1,'admin','http://sinanews.sina.cn/sinanews.shtml?id=fxqnski7800954-comos-tech-cms&fromsinago=1',1458556615659),(198,'互联网广告或占广告业半壁江山','互联网广告今年有望占中国广告总开支的48.7%。','http://r3.sinaimg.cn/10230/2016/0321/73/b/23576101/auto.jpg',1,1,'admin','http://sinanews.sina.cn/sinanews.shtml?id=fxqnski7799591-comos-tech-cms&fromsinago=1',1458556615660),(199,'网红产业链:挣钱挣得害怕','一天净收入4万多，她称最大的感受不是兴奋，是害怕。','http://r3.sinaimg.cn/10230/2016/0321/52/b/76574729/auto.jpg',1,1,'admin','http://sinanews.sina.cn/sinanews.shtml?id=fxqnskh1060299-comos-tech-cms&fromsinago=1',1458556615664),(200,'阿里宣布电商交易额破三万亿元','阿里有望在财年内超越沃尔玛成为全世界最大的零售平台。','http://r3.sinaimg.cn/10230/2016/0321/80/9/51577315/auto.jpg',1,1,'admin','http://sinanews.sina.cn/sinanews.shtml?id=fxqnskh1058543-comos-tech-cms&fromsinago=1',1458556615666),(201,'汇顶科技IPO:身陷专利诉讼战','提供手机、平板电脑等电容屏触控芯片和指纹识别芯片。','http://r3.sinaimg.cn/10230/2016/0321/dd/6/12571347/auto.jpg',1,1,'admin','http://sinanews.sina.cn/sinanews.shtml?id=fxqnski7792497-comos-tech-cms&fromsinago=1',1458556615667),(202,'iPhone SE酷似5s:24日可预订','新浪科技发自美国现场，在苹果春季新品发布会上苹果推出一款4英寸iPhone，新产品命名为iPhone SE。虽然外观上尿点不少，但是从价格角','http://r3.sinaimg.cn/10230/2016/0322/95/0/53571207/auto.jpg',1,1,'admin','http://photo.sina.cn/album_5_22298_67947.htm?ch=5&fromsinago=1',1458638487006),(203,'iPad Pro也变小:仅有9.7英寸','新浪科技发自美国现场，9.7英寸iPad Pro发布，搭载A9X芯片以及M9处理器，定制同尺寸Smart Keyboard，支持Apple','http://r3.sinaimg.cn/10230/2016/0322/50/c/45576210/auto.jpg',1,1,'admin','http://photo.sina.cn/album_5_22298_67948.htm?ch=5&fromsinago=1',1458638487065),(204,'东风日产全新轩逸试驾:送2000元油卡','','http://r3.sinaimg.cn/10230/2016/0322/1e/e/66578157/auto.jpg',1,1,'admin','http://zhongce.sina.cn/activity/view/43/?fromsinago=1',1458638487067),(205,'新iPhone哪最便宜:海淘省1000','虽然iPhone SE撞脸5s这事毫无争议，但架不住我们便宜呀。','http://r3.sinaimg.cn/10230/2016/0322/4a/a/51576374/auto.jpg',1,1,'admin','http://tech.sina.cn/tech_zt/2016applespringevent?fromsinago=1',1458638487068),(206,'iPhone SE体验:是安卓收割者','它要做的不是更新掉6s，而是去收割大量的安卓用户。','http://r3.sinaimg.cn/10230/2016/0322/84/3/43569796/auto.jpg',1,1,'admin','http://sinanews.sina.cn/sinanews.shtml?id=fxqnskh1081090-comos-tech-cms&fromsinago=1',1458638487070),(207,'硅谷最伟大的那个偏执狂走了','在乔布斯之前，安迪-格鲁夫的名字就是硅谷精神的象征。','http://r3.sinaimg.cn/10230/2016/0322/ff/8/16578020/auto.jpg',1,1,'admin','http://sinanews.sina.cn/sinanews.shtml?id=fxqnskh1106744-comos-tech-cms&fromsinago=1',1458638487071),(208,'众测:iPhone SE报名人数破7万','上线刚10小时就有超过7万网友报名了，你还等什么？！','http://r3.sinaimg.cn/10230/2016/0322/a8/9/09576343/auto.jpg',1,1,'admin','http://sinanews.sina.cn/sinanews.shtml?id=fxqnskh1116329-comos-tech-cms&fromsinago=1',1458638487072),(209,'黄太吉这家公司是如何成功的','黄太吉互联网创业者，所谓“餐饮”那只是一种载体罢了。','http://r3.sinaimg.cn/10230/2016/0322/b9/b/51576616/auto.jpg',1,1,'admin','http://zhuanlan.sina.cn/article?id=50261&ch=tech&fromsinago=1',1458638487074),(210,'华人文化千万美元布局足球青训','千万美元级入股索福德体育，推动后者与曼城达成合作。','http://r3.sinaimg.cn/10230/2016/0322/92/0/65570825/auto.jpg',1,1,'admin','http://sinanews.sina.cn/sinanews.shtml?id=fxqnskh1114677-comos-tech-cms&fromsinago=1',1458638487075),(211,'洋码头被疑售假.面霜用后过敏','消费者维权60天无果，品牌方称该平台卖家授权已过期。','http://r3.sinaimg.cn/10230/2016/0322/89/4/71571075/auto.jpg',1,1,'admin','http://sinanews.sina.cn/sinanews.shtml?id=fxqnskh1114504-comos-tech-cms&fromsinago=1',1458638487076),(212,'特斯拉CEO遭明星妻子再提离婚','马斯克曾在2014年申请过离婚，不过7个月后他撤回了申请。','http://r3.sinaimg.cn/10230/2016/0322/e8/3/72571216/auto.jpg',1,1,'admin','http://sinanews.sina.cn/sinanews.shtml?id=fxqnski7842132-comos-tech-cms&fromsinago=1',1458638487077),(213,'小米告小米e贷侵权.索赔百万','被曝：小米代表粮食，不能限制他人合理使用。','http://r3.sinaimg.cn/10230/2016/0322/30/8/12576937/auto.jpg',1,1,'admin','http://sinanews.sina.cn/sinanews.shtml?id=fxqnski7841195-comos-tech-cms&fromsinago=1',1458638487078),(214,'德国开发出激光测酒驾方法','吹气测酒驾？不用这么麻烦！德国开发新方法测车内酒精度。','http://r3.sinaimg.cn/10230/2016/0322/17/f/06578382/auto.jpg',1,1,'admin','http://sinanews.sina.cn/sinanews.shtml?id=fxqnski7836572-comos-tech-cms&fromsinago=1',1458638487080),(215,'苹果和三星的印度之争正在升级','苹果的第一批零售店正在筹备，其标准向其他地区看齐。','http://r3.sinaimg.cn/10230/2016/0322/d8/0/29571063/auto.jpg',1,1,'admin','http://sinanews.sina.cn/sinanews.shtml?id=fxqnskh1101539-comos-tech-cms&fromsinago=1',1458638487081),(216,'当心:机器它还能当你大Boss','很快，机器人将取代人类的高管职位，甚至到CEO级别。','http://r3.sinaimg.cn/10230/2016/0322/fb/e/87574826/auto.jpg',1,1,'admin','http://sinanews.sina.cn/sinanews.shtml?id=fxqnskh1101298-comos-tech-cms&fromsinago=1',1458638487082),(217,'工信部:5G有望2020年正式商用','预计2018年完成5G国际标准的制定，2020年有望正式商用。','http://r3.sinaimg.cn/10230/2016/0322/a1/e/18577402/auto.jpg',1,1,'admin','http://sinanews.sina.cn/sinanews.shtml?id=fxqnskh1099861-comos-tech-cms&fromsinago=1',1458638487083),(218,'汽车电商战国时代的维权手册','016年二手车电商市场将会陆续进入“寡头竞争”阶段。','http://r3.sinaimg.cn/10230/2016/0322/80/4/01571445/auto.jpg',1,1,'admin','http://sinanews.sina.cn/sinanews.shtml?id=fxqnskh1099090-comos-tech-cms&fromsinago=1',1458638487086),(219,'菜鸟不是菜鸟:马云的物流梦想','菜鸟网络被视作是继电商平台和蚂蚁金服后阿里的第三极。','http://r3.sinaimg.cn/10230/2016/0322/a1/4/33572825/auto.jpg',1,1,'admin','http://sinanews.sina.cn/sinanews.shtml?id=fxqnski7828227-comos-tech-cms&fromsinago=1',1458638487087),(220,'暴风科技回归A股欲讲啥新故事','暴风拟31亿元收购甘普科技、稻草熊影业以及立动科技。','http://r3.sinaimg.cn/10230/2016/0322/2d/e/06578524/auto.jpg',1,1,'admin','http://sinanews.sina.cn/sinanews.shtml?id=fxqnski7827817-comos-tech-cms&fromsinago=1',1458638487089),(221,'韩国创投新机遇:到中国来吃肉','韩国看起来机会很多，但国情决定了市场机会不能代表市场规模。对于很多有野心的创业者来说，韩国市场仅仅是跳板。','http://r3.sinaimg.cn/10230/2016/0324/77/2/15568851/auto.jpg',1,1,'admin','http://sinanews.sina.cn/sinanews.shtml?id=fxqswxn6329684-comos-tech-cms&fromsinago=1',1458800751167),(222,'仿生机器人表达愿望:想成立家庭','个与人类极为相似的仿生机器人--“索菲娅”更是亲口表达了自己的思想，“她”表示想去上学、想成立一个家庭，甚至还想毁灭人类。','http://r3.sinaimg.cn/10230/2016/0324/ef/b/83577513/auto.jpg',1,1,'admin','http://sinanews.sina.cn/sinanews.shtml?id=fxqswxk9561112-comos-tech-cms&fromsinago=1',1458800751227),(223,'谈谈新轩逸车身稳定系统VDC','东风日产合资的全新轩逸配备了以前只在日产B级高端车型上才有的VDC。','http://r3.sinaimg.cn/10230/2016/0324/d7/0/45570766/auto.jpg',1,1,'admin','http://sinanews.sina.cn/sinanews.shtml?id=fxqnski7873664-comos-tech-cms&fromsinago=1',1458800751228),(224,'运营商日赚3.8亿元中移动独大','三大运营商大举降费提速，4G新增用户争夺激烈。','http://r3.sinaimg.cn/10230/2016/0323/ac/8/30576209/auto.jpg',1,1,'admin','http://sinanews.sina.cn/sinanews.shtml?id=fxqswxn6326119-comos-tech-cms&fromsinago=1',1458800751230),(225,'真格5年投资的项目表现如何？','真格的发展周期和中国移动互联网的时间线非常吻合。','http://r3.sinaimg.cn/10230/2016/0324/8c/e/01577192/auto.jpg',1,1,'admin','http://sinanews.sina.cn/sinanews.shtml?id=fxqswxk9565754-comos-tech-cms&fromsinago=1',1458800751231),(226,'全球最大成人网站推出VR频道','色情网站一直都热衷于拥抱使用最新科技，VR也不例外。','http://r3.sinaimg.cn/10230/2016/0324/20/c/77575966/auto.jpg',1,1,'admin','http://sinanews.sina.cn/sinanews.shtml?id=fxqswxk9560406-comos-tech-cms&fromsinago=1',1458800751232),(227,'iPhone SE国行获入网今日开订','工信部信息显示，国行版iPhone SE有全网通和双4G两版。','http://r3.sinaimg.cn/10230/2016/0322/d8/2/51570391/auto.jpg',1,1,'admin','http://sinanews.sina.cn/sinanews.shtml?id=fxqnski7890182-comos-tech-cms&fromsinago=1',1458800751234),(228,'风投也看好火热的机器人行业','创新工场、英特尔资本是这一领域最活跃的风投机构。','http://r3.sinaimg.cn/10230/2016/0324/b3/4/52571796/auto.jpg',1,1,'admin','http://sinanews.sina.cn/sinanews.shtml?id=fxqswxk9580824-comos-tech-cms&fromsinago=1',1458800751235),(229,'评论:iPhone SE将令苹果失望','大多数当前使用iPhone的人都对更大的屏幕有兴趣。','http://r3.sinaimg.cn/10230/2016/0324/34/1/00571528/auto.jpg',1,1,'admin','http://sinanews.sina.cn/sinanews.shtml?id=fxqswxn6350363-comos-tech-cms&fromsinago=1',1458800751236),(230,'360回应木马“免杀”:将严打','360回应称，被曝光病毒是通过混入合法软件通过安全认证。','http://r3.sinaimg.cn/10230/2016/0324/9b/1/75570000/auto.jpg',1,1,'admin','http://sinanews.sina.cn/sinanews.shtml?id=fxqswxk9573831-comos-tech-cms&fromsinago=1',1458800751237),(231,'酷派2015全年营收146亿港元','股东应占利润23.11011亿港元，同比增长353.25%。','http://r3.sinaimg.cn/10230/2015/0821/43/6/19545537/auto.jpg',1,1,'admin','http://sinanews.sina.cn/sinanews.shtml?id=fxqswxn6345155-comos-tech-cms&fromsinago=1',1458800751239),(232,'快递企业上市难掩利润暴跌','快递行业一片繁荣，上市日益增多，但依旧面临若干窘境。','http://r3.sinaimg.cn/10230/2016/0324/91/e/32577617/auto.jpg',1,1,'admin','http://zhuanlan.sina.cn/article?id=50342&ch=tech&fromsinago=1',1458800751240),(233,'360免杀病毒点击后支付宝被盗','因为它的木马病毒是申请了360的免杀认证的。','http://r3.sinaimg.cn/10230/2016/0324/77/7/24570467/auto.jpg',1,1,'admin','http://sinanews.sina.cn/sinanews.shtml?id=fxqswxn6344229-comos-tech-cms&fromsinago=1',1458800751241),(234,'工信部:虚商实名制落实待加强','虚拟运营商促进提速降费，也存在实名制落实不到位等问题。','http://r3.sinaimg.cn/10230/2016/0324/58/e/34577458/auto.jpg',1,1,'admin','http://sinanews.sina.cn/sinanews.shtml?id=fxqswxn6343137-comos-tech-cms&fromsinago=1',1458800751242),(235,'锂电池原料一年价格疯涨300%','几乎每一周提价一次，每次提价在千元左右。','http://r3.sinaimg.cn/10230/2016/0324/e8/2/06569810/auto.jpg',1,1,'admin','http://sinanews.sina.cn/sinanews.shtml?id=fxqswxk9569946-comos-tech-cms&fromsinago=1',1458800751243),(236,'中电信:铁塔公司租赁费过高','支付给铁塔公司的租赁费用，比自己运维铁塔费用高20%。','http://r3.sinaimg.cn/10230/2016/0324/93/5/34572341/auto.jpg',1,1,'admin','http://sinanews.sina.cn/sinanews.shtml?id=fxqswxn6340975-comos-tech-cms&fromsinago=1',1458800751244),(237,'3888起!华为星月系列手表发布','颜值与实力兼具，面向女性用户的高端智能手表昨日发布。','http://r3.sinaimg.cn/10230/2016/0324/7b/c/32576671/auto.jpg',1,1,'admin','http://sinanews.sina.cn/sinanews.shtml?id=fxqswxk9568905-comos-tech-cms&fromsinago=1',1458800751248),(238,'丹麦生物样本库:医学家的美梦','研究人员可以方便获得调查疾病与治疗方法之间的绝佳机会','http://r3.sinaimg.cn/10230/2016/0324/ee/3/80571237/auto.jpg',1,1,'admin','http://sinanews.sina.cn/sinanews.shtml?id=fxqswxn6340657-comos-tech-cms&fromsinago=1',1458800751249),(239,'美欲绘制10万神经元活动地图','皮层网络机器智能计划旨在逆向建造1立方毫米的大脑。','http://r3.sinaimg.cn/10230/2016/0324/8c/2/46571391/auto.jpg',1,1,'admin','http://sinanews.sina.cn/sinanews.shtml?id=fxqswxk9568429-comos-tech-cms&fromsinago=1',1458800751250),(240,'QQ微信聊天将实施关键词管制','一旦发现涉及诈骗关键字的即时聊天，立即暂停其对话功能','http://r3.sinaimg.cn/10230/2016/0324/6f/9/50577217/auto.jpg',1,1,'admin','http://sinanews.sina.cn/sinanews.shtml?id=fxqssxu8061435-comos-tech-cms&fromsinago=1',1458800751252),(241,'师计12-1班 练习通知','请师计12-1班全体学生于4月8日之前完成10道以上数据库习题。指导教师 填写为 :teacher',NULL,2,2,'teacher',NULL,1458801152865),(242,'新角色老师的通知','测试新角色通知',NULL,2,5,'serverTeacher',NULL,1458806380369),(243,'管理员通知','系统维护，4月 3日   12:00  -12.20 可能无法访问。',NULL,2,1,'shaw',NULL,1458869969238),(244,'专车总结:Uber价低滴滴功能多','相比之下，Uber价格最便宜，但拒单情况较多，符合在意价格的用户群体；滴滴出行车辆最多，App功能丰富，但地图定位不准确，广告偏多。','http://r3.sinaimg.cn/10230/2016/0325/66/6/42571141/auto.jpg',1,1,'admin','http://sinanews.sina.cn/sinanews.shtml?id=fxqswxk9604508-comos-tech-cms&fromsinago=1',1458874410732),(245,'超音速客机研制历程:美输欧','1962年11月，英国和法国政府共同宣布达成一项协议，当时这个消息曾经让美国的飞机制造企业倍感压力。','http://r3.sinaimg.cn/10230/2016/0325/5a/5/11571442/auto.jpg',1,1,'admin','http://sinanews.sina.cn/sinanews.shtml?id=fxqswxk9612011-comos-tech-cms&fromsinago=1',1458874410791),(246,'跨境电商优势丧失:商品将涨价','某电商高管称，此次增值税调整方案，将体现在海淘商品上。','http://r3.sinaimg.cn/10230/2016/0324/2d/b/14575387/auto.jpg',1,1,'admin','http://sinanews.sina.cn/sinanews.shtml?id=fxqswxn6369084-comos-tech-cms&fromsinago=1',1458874410796),(247,'iPhoneSE评测:复刻手机的意义','用户纠结的是不是要买，苹果想要的是圈住更多用户。','http://r3.sinaimg.cn/10230/2016/0325/6a/0/08572277/auto.jpg',1,1,'admin','http://sinanews.sina.cn/sinanews.shtml?id=fxqswxk9602332-comos-tech-cms&fromsinago=1',1458874410798),(248,'家电免费安装:不免费成潜规则','在免费安装的幌子下，多家卖场实则存在着一些潜规则。','http://r3.sinaimg.cn/10230/2016/0325/c1/2/13571207/auto.jpg',1,1,'admin','http://sinanews.sina.cn/sinanews.shtml?id=fxqswxk9580553-comos-tech-cms&fromsinago=1',1458874410799),(249,'谷歌正打造新流媒体直播应用','据悉名为YouTube Connect，或于I/O 2016大会上亮相。','http://r3.sinaimg.cn/10230/2016/0325/bf/5/45572374/auto.jpg',1,1,'admin','http://sinanews.sina.cn/sinanews.shtml?id=fxqswxk9590704-comos-tech-cms&fromsinago=1',1458874410800),(250,'索尼电子纸手表即将国内上市','FES Watch使用了电子纸技术，静态画面时完全不耗电。','http://r3.sinaimg.cn/10230/2016/0325/e5/0/91570503/auto.jpg',1,1,'admin','http://sinanews.sina.cn/sinanews.shtml?id=fxqswxk9623668-comos-tech-cms&fromsinago=1',1458874410801),(251,'九合王啸:投资VR时机到了吗？','目前是投资的最好时机，他预测2018年，VR行业会迎大爆发','http://r3.sinaimg.cn/10230/2016/0325/97/4/37572747/auto.jpg',1,1,'admin','http://sinanews.sina.cn/sinanews.shtml?id=fxqswxn6386473-comos-tech-cms&fromsinago=1',1458874410803),(252,'57Gbps！科学家再创传输纪录','该技术一旦成功，人们就能畅通无阻地观看4K视频了。','http://r3.sinaimg.cn/10230/2016/0325/d3/2/43570762/auto.jpg',1,1,'admin','http://sinanews.sina.cn/sinanews.shtml?id=fxqswxn6386362-comos-tech-cms&fromsinago=1',1458874410804),(253,'趣科技:高端耳塞变身无线耳机','一款无线音频接收器，让有线耳塞变成无线的有趣产品。','http://r3.sinaimg.cn/10230/2016/0325/ac/9/81576246/auto.jpg',1,1,'admin','http://sinanews.sina.cn/sinanews.shtml?id=fxqswxn6385903-comos-tech-cms&fromsinago=1',1458874410805),(254,'Evernote为何被中国市场坑了','在中国市场的成功，几乎不可能被复制到世界其他地区。','http://r3.sinaimg.cn/10230/2016/0325/af/c/73576199/auto.jpg',1,1,'admin','http://zhuanlan.sina.cn/article?id=50386&ch=tech&fromsinago=1',1458874410806),(255,'一张图看懂火爆的体育行业','体育是很多细分概念组成大概念，包括装备、娱乐、新闻等','http://r3.sinaimg.cn/10230/2016/0325/26/8/86577443/auto.jpg',1,1,'admin','http://sinanews.sina.cn/sinanews.shtml?id=fxqswxk9621153-comos-tech-cms&fromsinago=1',1458874410807),(256,'Uber诉对手制造虚假Uber订单','讽刺的是，2014年Uber也曾因类似做法被竞争对手起诉。','http://r3.sinaimg.cn/10230/2016/0325/5f/5/65571688/auto.jpg',1,1,'admin','http://sinanews.sina.cn/sinanews.shtml?id=fxqswxk9621073-comos-tech-cms&fromsinago=1',1458874410808),(257,'大脑“高潮”:对外部刺激反应','ASMR是令人愉悦的酥麻感，始于头部，一直蔓延至脊柱。','http://r3.sinaimg.cn/10230/2016/0325/18/2/36571898/auto.jpg',1,1,'admin','http://sinanews.sina.cn/sinanews.shtml?id=fxqswxk9620865-comos-tech-cms&fromsinago=1',1458874410810),(258,'苹果将推基于iPhone的VR头盔','投行分析师称苹果将与第三方合作为iPhone打造VR头盔。','http://r3.sinaimg.cn/10230/2016/0325/e3/b/08575970/auto.jpg',1,1,'admin','http://sinanews.sina.cn/sinanews.shtml?id=fxqswxk9620734-comos-tech-cms&fromsinago=1',1458874410811),(259,'拉勾网融资:垂直招聘好看了','垂直招聘这个市场空间本身有限，竞争正变得越来越激烈。','http://r3.sinaimg.cn/10230/2016/0325/7c/0/09569574/auto.jpg',1,1,'admin','http://sinanews.sina.cn/sinanews.shtml?id=fxqswxk9620535-comos-tech-cms&fromsinago=1',1458874410814),(260,'智能穿戴公司Pebble裁员近3成','智能穿戴公司Pebble裁员40名，接近其员工总数的25%。','http://r3.sinaimg.cn/10230/2016/0325/b4/8/83576647/auto.jpg',1,1,'admin','http://sinanews.sina.cn/sinanews.shtml?id=fxqswxk9620225-comos-tech-cms&fromsinago=1',1458874410816),(261,'HoloLens眼镜首批货提前发出','HoloLens第一批货已经发出，已送到了部分开发者手中。','http://r3.sinaimg.cn/10230/2016/0325/44/9/75577487/auto.jpg',1,1,'admin','http://sinanews.sina.cn/sinanews.shtml?id=fxqswxn6383154-comos-tech-cms&fromsinago=1',1458874410817),(262,'奶爸为女儿DIY虚拟现实惊险骑行','来自香港的父亲为女儿制作了一次专属虚拟现实骑行体验','http://r3.sinaimg.cn/10230/2016/0325/7a/a/15577470/auto.jpg',1,1,'admin','http://sinanews.sina.cn/sinanews.shtml?id=fxqssxu8158622-comos-tech-cms&fromsinago=1',1458874410818),(263,'谷歌收紧财务严控子公司支出','Alphabet不是一家传统企业，但他们正在变得越来越传统。','http://r3.sinaimg.cn/10230/2016/0325/07/9/55576780/auto.jpg',1,1,'admin','http://sinanews.sina.cn/sinanews.shtml?id=fxqswxn6389100-comos-tech-cms&fromsinago=1',1458876876864),(264,'Airbnb究竟是怎么抓住用户的','Airbnb实现用户增长的一个利器—— Referral system。','http://r3.sinaimg.cn/10230/2016/0325/aa/a/55577724/auto.jpg',1,1,'admin','http://sinanews.sina.cn/sinanews.shtml?id=fxqswxk9625752-comos-tech-cms&fromsinago=1',1458876876865),(265,'雷军20年前旧文:程序人生','20年后的今天，重读之后，这依然是我对程序人生的态度。','http://r3.sinaimg.cn/10230/2016/0325/61/5/33570739/auto.jpg',1,1,'admin','http://zhuanlan.sina.cn/article?id=50393&ch=tech&fromsinago=1',1458876876866),(266,'张一鸣建言:降低期权收益税率','张一鸣称，现行的期权税收制度存在税率过高、缺少灵活性','http://r3.sinaimg.cn/10230/2016/0325/b5/5/06572597/auto.jpg',1,1,'admin','http://sinanews.sina.cn/sinanews.shtml?id=fxqswxk9625437-comos-tech-cms&fromsinago=1',1458876876868),(267,'中国互联网金融协会正式成立','第一届理事会理事候选单位142家，其中网贷平台共有16家','http://r3.sinaimg.cn/10230/2016/0325/db/6/84572261/auto.jpg',1,1,'admin','http://sinanews.sina.cn/sinanews.shtml?id=fxqswxk9624684-comos-tech-cms&fromsinago=1',1458876876869),(268,'马云的一幅画拍出3469万高价','马云首次上榜，胡润表示“看到马云的名字吃了一惊”。','http://r3.sinaimg.cn/10230/2016/0325/41/0/29571528/auto.jpg',1,1,'admin','http://sinanews.sina.cn/sinanews.shtml?id=fxqswxk9624592-comos-tech-cms&fromsinago=1',1458876876870),(269,'一加4月7发布会:会带来什么？','按照周期看，此次发布的应该会是系统的新版本升级。','http://r3.sinaimg.cn/10230/2016/0325/75/1/59571862/auto.jpg',1,1,'admin','http://sinanews.sina.cn/sinanews.shtml?id=fxqswxn6387010-comos-tech-cms&fromsinago=1',1458876876871),(270,'创新工场陈悦天:好IP长啥样？','创新工场从2012年开始关注中国年轻人的文化内容类项目','http://r3.sinaimg.cn/10230/2016/0325/d9/9/83575296/auto.jpg',1,1,'admin','http://sinanews.sina.cn/sinanews.shtml?id=fxqswxn6386830-comos-tech-cms&fromsinago=1',1458876876872),(271,'罗永浩万字实录:彪悍人生也要解释','以“彪悍的人生不需要解释”著称的罗永浩也坦承自己并不喜欢这句话，他认为自己骨子里有很多柔软细腻的东西，并不是外界眼中一个恶狠好斗的胖子。','http://r3.sinaimg.cn/10230/2016/0328/51/6/81572262/auto.jpg',1,1,'admin','http://sinanews.sina.cn/sinanews.shtml?id=fxqswxk9717713-comos-tech-cms&fromsinago=1',1459150116059),(272,'VR产业投资人:机会与陷阱并存','今年一季度，Oculus、Sony、HTC三家国际VR巨头陆续发布了新一代消费级产品引爆市场，入局者们高呼“VR元年”到了。','http://r3.sinaimg.cn/10230/2016/0328/44/7/98530301/auto.jpg',1,1,'admin','http://sinanews.sina.cn/sinanews.shtml?id=fxqswxk9710362-comos-tech-cms&fromsinago=1',1459150116118),(273,'乐视与BAT真的平起平坐了吗？','乐视的贾跃亭或者说是贾跃亭的乐视，成了峰会最大赢家。','http://r3.sinaimg.cn/10230/2016/0328/b1/e/83577008/auto.jpg',1,1,'admin','http://sinanews.sina.cn/sinanews.shtml?id=fxqswxk9708844-comos-tech-cms&fromsinago=1',1459150116120),(274,'AlphaGo确认将挑战星际争霸2','至于哪个玩家能代表人类出战AlphaGo，具体人选还不确定。','http://r3.sinaimg.cn/10230/2016/0328/fd/3/06571519/auto.jpg',1,1,'admin','http://sinanews.sina.cn/sinanews.shtml?id=fxqswxk9719404-comos-tech-cms&fromsinago=1',1459150116121),(275,'最小基因组合成:探索生命之谜','合成基因组接管宿主细胞的生物学运作并产生强壮的细菌。','http://r3.sinaimg.cn/10230/2016/0328/08/a/26578097/auto.jpg',1,1,'admin','http://sinanews.sina.cn/sinanews.shtml?id=fxqswxk9728637-comos-tech-cms&fromsinago=1',1459150116122),(276,'新iPad Pro:机身小了受众广了','机身变小就不那么“Pro”了？ 其实它的受众更多了。','http://r3.sinaimg.cn/10230/2016/0328/7d/c/93577806/auto.jpg',1,1,'admin','http://sinanews.sina.cn/sinanews.shtml?id=fxqswxn6455921-comos-tech-cms&fromsinago=1',1459150116124),(277,'老外是如何学习小米模式的？','等他们吸收再创新的时候，能否比中国的玩家吃相好一点？','http://r3.sinaimg.cn/10230/2016/0328/6b/4/46571064/auto.jpg',1,1,'admin','http://zhuanlan.sina.cn/article?id=50466&ch=tech&fromsinago=1',1459150116125),(278,'谷歌和FB空中互联网计划遇阻','平流层仍属国家领空，这将给该技术大规模应用带来障碍。','http://r3.sinaimg.cn/10230/2016/0328/06/c/71576667/auto.jpg',1,1,'admin','http://sinanews.sina.cn/sinanews.shtml?id=fxqswxn6477655-comos-tech-cms&fromsinago=1',1459150116126),(279,'小鹏汽车回应：A轮融资属实','总裁夏珩回应我们确实完成A轮融资，融资金额4200万美金','http://r3.sinaimg.cn/10230/2016/0328/d6/0/44571422/auto.jpg',1,1,'admin','http://sinanews.sina.cn/sinanews.shtml?id=fxqswxk9742240-comos-tech-cms&fromsinago=1',1459150116127),(280,'菜鸟网络10亿启动“菜鸟联盟”','未来将服务1000万家企业、配送1000亿个包裹。','http://r3.sinaimg.cn/10230/2016/0328/9b/3/62570704/auto.jpg',1,1,'admin','http://sinanews.sina.cn/sinanews.shtml?id=fxqswxk9740773-comos-tech-cms&fromsinago=1',1459150116128),(281,'iPhone SE的真实目标是印度','iPhone SE在印度市场或将面临与中国市场不一样的命运。','http://r3.sinaimg.cn/10230/2016/0328/d1/c/40578138/auto.jpg',1,1,'admin','http://zhuanlan.sina.cn/article?id=50462&ch=tech&fromsinago=1',1459150116129),(282,'传谷歌将在手机中整合AR功能','谷歌可能将在Android相机应用中引入增强现实功能。','http://r3.sinaimg.cn/10230/2016/0328/8e/4/74571148/auto.jpg',1,1,'admin','http://sinanews.sina.cn/sinanews.shtml?id=fxqswxk9739242-comos-tech-cms&fromsinago=1',1459150116131),(283,'连续创业后的雕爷:要改变世界','今年年初，他进入了湖畔大学，成为马云的门徒。','http://r3.sinaimg.cn/10230/2016/0328/db/9/17576535/auto.jpg',1,1,'admin','http://sinanews.sina.cn/sinanews.shtml?id=fxqswxk9739125-comos-tech-cms&fromsinago=1',1459150116132),(284,'微软HoloLens实现\"任意门\"功能','该技术能将某人的3D图像实时传送至任何环境中。','http://r3.sinaimg.cn/10230/2016/0328/b3/f/76579202/auto.jpg',1,1,'admin','http://sinanews.sina.cn/sinanews.shtml?id=fxqswxn6473017-comos-tech-cms&fromsinago=1',1459150116133),(285,'专家:无人驾驶短期内难以普及','开车是当今最复杂的一个领域，甚至比航空还要复杂。','http://r3.sinaimg.cn/10230/2016/0328/13/3/21571370/auto.jpg',1,1,'admin','http://sinanews.sina.cn/sinanews.shtml?id=fxqswxn6472508-comos-tech-cms&fromsinago=1',1459150116134),(286,'无人出租车在新加坡通过测试','开发者计划未来几年在该市推出数千辆无人驾驶出租车。','http://r3.sinaimg.cn/10230/2016/0328/fe/6/32570824/auto.jpg',1,1,'admin','http://sinanews.sina.cn/sinanews.shtml?id=fxqswxn6468042-comos-tech-cms&fromsinago=1',1459150116135),(287,'中联通:将对部分低端手机补贴','中国联通启动众筹3.0项目，为终端厂商提供闭环生态系统。','http://r3.sinaimg.cn/10230/2016/0328/0f/4/69572301/auto.jpg',1,1,'admin','http://sinanews.sina.cn/sinanews.shtml?id=fxqswxn6468012-comos-tech-cms&fromsinago=1',1459150116139),(288,'为啥买不到明星演唱会的票？','在互联网时代，票务市场仍是这种传统的、信息不对称模式','http://r3.sinaimg.cn/10230/2016/0328/3f/d/66576526/auto.jpg',1,1,'admin','http://sinanews.sina.cn/sinanews.shtml?id=fxqswxk9731571-comos-tech-cms&fromsinago=1',1459150116140),(289,'百度将启动人类未来学研究项目','该项目名为凡尔纳计划，吴恩达等组成团队，刘慈欣任顾问','http://r3.sinaimg.cn/10230/2016/0328/17/c/81579285/auto.jpg',1,1,'admin','http://sinanews.sina.cn/sinanews.shtml?id=fxqswxk9730192-comos-tech-cms&fromsinago=1',1459150116141),(290,'Uber:2年内中国部分城市可盈利','Uber估值已超620亿美元，该公司最近宣布其已在美国市场上实现盈利，但在中国仍面临着每年10亿美元以上的亏损。','http://r3.sinaimg.cn/10230/2016/0329/3a/c/81579390/auto.jpg',1,1,'admin','http://sinanews.sina.cn/sinanews.shtml?id=fxqswxn6497631-comos-tech-cms&fromsinago=1',1459220491784),(291,'跨境电商税改新政下周实施','行业更为担忧的跨境电商“正面清单”尚未发布，这个被业内认为十分严苛的政策将带来怎样的行业震荡，似乎更令人关心。','http://r3.sinaimg.cn/10230/2016/0329/6d/1/73571201/auto.jpg',1,1,'admin','http://sinanews.sina.cn/sinanews.shtml?id=fxqswxk9765380-comos-tech-cms&fromsinago=1',1459220491844),(292,'FBI称已解锁恐怖分子iPhone','关于数字时代隐私保护和国家安全的争议将暂告一段落。','http://r3.sinaimg.cn/10230/2016/0329/70/a/57577009/auto.jpg',1,1,'admin','http://sinanews.sina.cn/sinanews.shtml?id=fxqswxn6503845-comos-tech-cms&fromsinago=1',1459220491846),(293,'硅谷电影众筹平台中国觅食','股权众筹可能从影视领域实现具体突破，2016年会爆发吗？','http://r3.sinaimg.cn/10230/2016/0329/50/b/92576818/auto.jpg',1,1,'admin','http://sinanews.sina.cn/sinanews.shtml?id=fxqswxn6499637-comos-tech-cms&fromsinago=1',1459220491847),(294,'甲骨文就Java侵权案索赔谷歌','希望就谷歌在Android中使用Java一案向其索赔93亿美元。','http://r3.sinaimg.cn/10230/2016/0329/a4/d/57576811/auto.jpg',1,1,'admin','http://sinanews.sina.cn/sinanews.shtml?id=fxqswxn6504141-comos-tech-cms&fromsinago=1',1459220491848),(295,'支付宝微信用户需要做这件事','国内几大主要支付平台势必将启动实名认证，否则影响使用','http://r3.sinaimg.cn/10230/2016/0329/64/5/43572427/auto.jpg',1,1,'admin','http://sinanews.sina.cn/sinanews.shtml?id=fxqswxk9785043-comos-tech-cms&fromsinago=1',1459220491849),(296,'家电企业需重视智家安全问题','家电企业稍不留神也可能成为智能家居安全问题的牺牲品。','http://r3.sinaimg.cn/10230/2016/0329/4c/2/21570624/auto.jpg',1,1,'admin','http://sinanews.sina.cn/sinanews.shtml?id=fxqswxn6512584-comos-tech-cms&fromsinago=1',1459220491851),(297,'梅耶尔若被解雇将获巨额补偿','若雅虎果真对外出售，梅耶尔可能获得3700万美元的补偿。','http://r3.sinaimg.cn/10230/2015/1201/a1/5/12555735/auto.jpg',1,1,'admin','http://sinanews.sina.cn/sinanews.shtml?id=fxqswxk9784352-comos-tech-cms&fromsinago=1',1459220491852),(298,'科技圈VR热:市场是否只是虚火','VR在目前还不是刚需，而更多的是停留在游戏应用领域。','http://r3.sinaimg.cn/10230/2016/0329/83/2/29570768/auto.jpg',1,1,'admin','http://sinanews.sina.cn/sinanews.shtml?id=fxqswxk9784264-comos-tech-cms&fromsinago=1',1459220491853),(299,'空净器行业优胜劣汰已开始','空净是性命攸关的行业，唯有良心企业才能赢得一席之地。','http://r3.sinaimg.cn/10230/2016/0329/40/f/37578705/auto.jpg',1,1,'admin','http://sinanews.sina.cn/sinanews.shtml?id=fxqswxn6511949-comos-tech-cms&fromsinago=1',1459220491854),(300,'苹果公司也要加入VR行业?','苹果或将推出专为iPhone服务的VR设备。肾准备好了吗？','http://r3.sinaimg.cn/10230/2016/0329/d3/1/19570104/auto.jpg',1,1,'admin','http://sinanews.sina.cn/sinanews.shtml?id=fxqswxn6511577-comos-tech-cms&fromsinago=1',1459220491856),(301,'起底二次元财团奥飞动漫','揭秘一家二次元领域的“乐视”是怎样搅动资本市场的。','http://r3.sinaimg.cn/10230/2016/0329/e9/7/99571910/auto.jpg',1,1,'admin','http://sinanews.sina.cn/sinanews.shtml?id=fxqswxn6511157-comos-tech-cms&fromsinago=1',1459220491857),(302,'搭载Helio十核芯版三星S7曝光','三星S7有搭载联发科Helio X20和Helio X25十核处理器版。','http://r3.sinaimg.cn/10230/2016/0329/34/4/38574614/auto.jpg',1,1,'admin','http://sinanews.sina.cn/sinanews.shtml?id=fxqswxk9783036-comos-tech-cms&fromsinago=1',1459220491858),(303,'罗振宇为何着急收割papi酱','罗振宇通过“透支未来”用脚对内容创业投了自己的一票。','http://r3.sinaimg.cn/10230/2016/0329/d5/5/84573066/auto.jpg',1,1,'admin','http://zhuanlan.sina.cn/article?id=50499&ch=tech&fromsinago=1',1459220491859),(304,'前置指纹识别OPPO R9上手评测','一招鲜吃遍天，这次OPPO同样的套路又有些新招数在里面。','http://r3.sinaimg.cn/10230/2016/0329/5b/c/82577433/auto.jpg',1,1,'admin','http://sinanews.sina.cn/sinanews.shtml?id=fxqswxn6510621-comos-tech-cms&fromsinago=1',1459220491861),(305,'王璞:如何与投资人有效交流？','先说说创业者沟通过程中最容易犯的两个错误。','http://r3.sinaimg.cn/10230/2016/0329/18/3/04571681/auto.jpg',1,1,'admin','http://sinanews.sina.cn/sinanews.shtml?id=fxqswxk9781961-comos-tech-cms&fromsinago=1',1459220491862),(306,'IBM中国专家:AlphaGo没啥天分','专家称，很多时候讲机器用大数据，指它能辅助人做决策。','http://r3.sinaimg.cn/10230/2016/0329/d0/4/71571925/auto.jpg',1,1,'admin','http://sinanews.sina.cn/sinanews.shtml?id=fxqswxn6510015-comos-tech-cms&fromsinago=1',1459220491865),(307,'泛共享经济领域创业看过来','创业或投资，都需要方法论指导，但绝不能刻舟求剑。','http://r3.sinaimg.cn/10230/2016/0329/45/b/87578108/auto.jpg',1,1,'admin','http://sinanews.sina.cn/sinanews.shtml?id=fxqswxk9781566-comos-tech-cms&fromsinago=1',1459220491867),(308,'更多傻钱涌进深圳创业圈','因缺乏专业投资知识，富豪资金普遍被称为“傻钱”。','http://r3.sinaimg.cn/10230/2016/0329/3d/e/60576560/auto.jpg',1,1,'admin','http://sinanews.sina.cn/sinanews.shtml?id=fxqswxk9781419-comos-tech-cms&fromsinago=1',1459220491868),(309,'上海查专车:滴滴被立案调查','上海近期将加大对网络平台的查处力度，滴滴正被立案调查','http://r3.sinaimg.cn/10230/2015/1130/21/5/72556208/auto.jpg',1,1,'admin','http://sinanews.sina.cn/sinanews.shtml?id=fxqswxn6516806-comos-tech-cms&fromsinago=1',1459236192555),(310,'免费的Win10市场份额仅为20%','根据相关数据，只有20%的Windows PC使用这款最新系统。','http://r3.sinaimg.cn/10230/2016/0329/62/a/53577616/auto.jpg',1,1,'admin','http://sinanews.sina.cn/sinanews.shtml?id=fxqswxk9787837-comos-tech-cms&fromsinago=1',1459236192556),(311,'网易发考拉海购2016年三大战略','会上确定三大战略及百亿的销售目标，丁磊出席会议并讲话','',1,1,'admin','http://sinanews.sina.cn/sinanews.shtml?id=fxqswxk9799614-comos-tech-cms&fromsinago=1',1459236192559),(312,'教育O2O取消补贴我是第一家','张浩阐述脆弱系统、强韧类系统和反脆弱系统对创业者影响','http://r3.sinaimg.cn/10230/2016/0329/23/1/53572151/auto.jpg',1,1,'admin','http://sinanews.sina.cn/sinanews.shtml?id=fxqswxn6523312-comos-tech-cms&fromsinago=1',1459236192560),(313,'微信封杀3826个“炸群”帐号','炸群是利用代码软件或手动在微信群内发布大量垃圾内容。','http://r3.sinaimg.cn/10230/2016/0329/4a/5/08574392/auto.jpg',1,1,'admin','http://sinanews.sina.cn/sinanews.shtml?id=fxqswxk9793605-comos-tech-cms&fromsinago=1',1459236192561),(314,'为何说网贷进校园就是坑爹','校园贷款虽好，但进入校园、对接学生，还应慎之又慎。','http://r3.sinaimg.cn/10230/2016/0329/65/0/19572914/auto.jpg',1,1,'admin','http://zhuanlan.sina.cn/article?id=50512&ch=tech&fromsinago=1',1459236192563),(315,'张勇为淘宝定了这三大方向','淘宝将从运营商品转变为运营内容，创造新的商业机会。','http://r3.sinaimg.cn/10230/2016/0329/d0/b/40577014/auto.jpg',1,1,'admin','http://sinanews.sina.cn/sinanews.shtml?id=fxqswxk9789646-comos-tech-cms&fromsinago=1',1459236192564),(316,'雅虎求购者两周内提交竞购要约','雅虎将为潜在竞购者提供两周时间来提交初步竞价。','http://r3.sinaimg.cn/10230/2016/0329/a7/1/98529333/auto.jpg',1,1,'admin','http://sinanews.sina.cn/sinanews.shtml?id=fxqswxn6516951-comos-tech-cms&fromsinago=1',1459236192565),(317,'人工智能研发我们经历了什么','人工智能可以代替人吗？对我个人来说，这是天方夜谭。','http://r3.sinaimg.cn/10230/2016/0329/12/6/62573165/auto.jpg',1,1,'admin','http://zhuanlan.sina.cn/article?id=50510&ch=tech&fromsinago=1',1459236192566),(318,'果粉并不想买iPhone SE的账','此前华尔街分析师称iPhone SE今年销量至少为1000万台。','http://r3.sinaimg.cn/10230/2016/0329/72/b/44576016/auto.jpg',1,1,'admin','http://sinanews.sina.cn/sinanews.shtml?id=fxqswxn6514967-comos-tech-cms&fromsinago=1',1459236192567),(319,'三星智付正式上线对抗苹果','“三星智付(Samsung Pay)”于今日在中国大陆正式上线。','http://r3.sinaimg.cn/10230/2016/0329/81/5/80572387/auto.jpg',1,1,'admin','http://sinanews.sina.cn/sinanews.shtml?id=fxqswxn6514212-comos-tech-cms&fromsinago=1',1459236192569),(320,'支付宝微信正在启动实名认证','国内几大主要支付平台势必将启动实名认证，否则影响使用','http://r3.sinaimg.cn/10230/2016/0329/64/5/43572427/auto.jpg',1,1,'admin','http://sinanews.sina.cn/sinanews.shtml?id=fxqswxk9785043-comos-tech-cms&fromsinago=1',1459236192570),(321,'特斯拉新车Model3的17个秘密','由于距离3月31日的发布日期越来越近，特斯拉时而也会透露一下这款新车的一些信息，如预告图片等。','http://r3.sinaimg.cn/10230/2016/0330/b9/d/22578445/auto.jpg',1,1,'admin','http://sinanews.sina.cn/sinanews.shtml?id=fxqswxn6540477-comos-tech-cms&fromsinago=1',1459309065211),(322,'人类DNA含远古病毒基因:约8%','科学家在人类的基因组中发现了19种不属于人类的DNA。病毒在数十万年前感染我们的祖先时，将这些基因片段留在了人类体内。','http://r3.sinaimg.cn/10230/2016/0330/91/4/75573033/auto.jpg',1,1,'admin','http://sinanews.sina.cn/sinanews.shtml?id=fxqswxn6557920-comos-tech-cms&fromsinago=1',1459309065273),(323,'科技配置让人眼馋 东风日产新轩逸上市','东风日产全新轩逸近期上市，新车在外观、内饰设计和科技配置方面有所改变，并且增加了被动安全保护系统。','http://r3.sinaimg.cn/10230/2016/0330/b2/a/94577213/auto.jpg',1,1,'admin','http://sinanews.sina.cn/sinanews.shtml?id=fxqswxk9618348-comos-tech-cms&fromsinago=1',1459309065273),(324,'电动车分时租赁:培育期发展难','分时租赁最大问题之一就是租还车的网点太少，布局不合理','http://r3.sinaimg.cn/10230/2016/0330/ed/5/48531460/auto.jpg',1,1,'admin','http://sinanews.sina.cn/sinanews.shtml?id=fxqswxn6552987-comos-tech-cms&fromsinago=1',1459309065273),(325,'知读会:一本正经胡说八道的书','探索常见概念处在极端状况下，到底会发生什么事情。','http://r3.sinaimg.cn/10230/2016/0330/81/4/23571893/auto.jpg',1,1,'admin','http://sinanews.sina.cn/sinanews.shtml?id=fxqswxk9819917-comos-tech-cms&fromsinago=1',1459309065289),(326,'今晚微软Build大会有何看点？','如果说去年的主角是Win10，那么今年焦点应该是AR技术。','http://r3.sinaimg.cn/10230/2016/0330/fe/1/64570772/auto.jpg',1,1,'admin','http://sinanews.sina.cn/sinanews.shtml?id=fxqswxk9837998-comos-tech-cms&fromsinago=1',1459309065289),(327,'饿了么商家:给差评让你没法活','学生在饿了么上订餐因对饭菜不满而给差评，遭商家恐吓。','http://r3.sinaimg.cn/10230/2016/0330/f5/2/21570760/auto.jpg',1,1,'admin','http://sinanews.sina.cn/sinanews.shtml?id=fxqswxk9832759-comos-tech-cms&fromsinago=1',1459309065289),(328,'Spotify融资10亿对抗苹果音乐','面对超有钱的苹果，在线音乐巨头发行了10亿美元可转债。','http://r3.sinaimg.cn/10230/2015/0915/51/d/87553318/auto.jpg',1,1,'admin','http://sinanews.sina.cn/sinanews.shtml?id=fxqswxk9841693-comos-tech-cms&fromsinago=1',1459309065289),(329,'泛文娱早期创投将开HARD模式','骆慧:晨曜资本投资总监，在泛娱乐和社交社区有丰富经验','http://r3.sinaimg.cn/10230/2016/0330/ea/6/91572625/auto.jpg',1,1,'admin','http://sinanews.sina.cn/sinanews.shtml?id=fxqswxn6559040-comos-tech-cms&fromsinago=1',1459309065289),(330,'手机直播时代:家族体系将死','作为直播行业创业者，在此变革大环境下有兴奋也有危机。','http://r3.sinaimg.cn/10230/2016/0330/e8/7/66572805/auto.jpg',1,1,'admin','http://zhuanlan.sina.cn/article?id=50564&ch=tech&fromsinago=1',1459309065289),(331,'Uber正研发顺风车和大巴产品','Uber目前正在研发包括顺风车、大巴、外卖、快递四款产品','http://r3.sinaimg.cn/10230/2016/0304/c3/d/32575238/auto.jpg',1,1,'admin','http://sinanews.sina.cn/sinanews.shtml?id=fxqswxk9839406-comos-tech-cms&fromsinago=1',1459309065289),(332,'苹果与FBI或是为了销量在演戏','约翰·麦卡菲之前的表态，似乎印证了FBI在演戏的可能。','http://r3.sinaimg.cn/10230/2016/0330/c9/2/63571763/auto.jpg',1,1,'admin','http://sinanews.sina.cn/sinanews.shtml?id=fxqswxk9838771-comos-tech-cms&fromsinago=1',1459309065289),(333,'韩媒:中国半导体卷走所有人才','中国的半导体市场内需规模占世界半导体市场的36%。','http://r3.sinaimg.cn/10230/2016/0330/5a/1/02572023/auto.jpg',1,1,'admin','http://sinanews.sina.cn/sinanews.shtml?id=fxqswxk9838409-comos-tech-cms&fromsinago=1',1459309065289),(334,'郭台铭与王传福的恩怨情仇','十年前，比亚迪效仿富士康，引发了一场为时多年的官司。','http://r3.sinaimg.cn/10230/2016/0330/8d/9/72579637/auto.jpg',1,1,'admin','http://sinanews.sina.cn/sinanews.shtml?id=fxqswxn6557290-comos-tech-cms&fromsinago=1',1459309065289),(335,'2015年汽车交通领域融资盘点','未来，汽车交通领域会有更多优秀的创业项目涌现出来。','http://r3.sinaimg.cn/10230/2016/0330/df/9/31577313/auto.jpg',1,1,'admin','http://zhuanlan.sina.cn/article?id=50561&ch=tech&fromsinago=1',1459309065289),(336,'独角兽公司2月融资22.4亿美元','增强现实公司Magic Leap在2月份获得了7.935亿美元融资。','http://r3.sinaimg.cn/10230/2016/0330/0c/6/82572376/auto.jpg',1,1,'admin','http://sinanews.sina.cn/sinanews.shtml?id=fxqswxk9835199-comos-tech-cms&fromsinago=1',1459309065289),(337,'创业者应该什么时候出去融钱','VC统计过：大多数好的公司是在资本的‘冬天’做起来的。','http://r3.sinaimg.cn/10230/2016/0330/a5/e/57578061/auto.jpg',1,1,'admin','http://sinanews.sina.cn/sinanews.shtml?id=fxqswxn6554832-comos-tech-cms&fromsinago=1',1459309065306),(338,'索尼HDR电视还有几道坎儿','这种“起步慢，出手快”的策略是索尼早已谋划好的。','http://r3.sinaimg.cn/10230/2016/0330/55/e/89576257/auto.jpg',1,1,'admin','http://zhuanlan.sina.cn/article?id=50555&ch=tech&fromsinago=1',1459309065306),(339,'YY要做的财经直播能成功吗？','YY做游戏和教育直播都没火起来，这次新方向是财经直播。','http://r3.sinaimg.cn/10230/2016/0330/71/c/47579042/auto.jpg',1,1,'admin','http://sinanews.sina.cn/sinanews.shtml?id=fxqswxn6554140-comos-tech-cms&fromsinago=1',1459309065306),(340,'百度再调整组织架构:对标谷歌','对比而言，百度虽然并没有造一个母公司，但实际上采用了跟谷歌类似的架构调整方法。','http://r3.sinaimg.cn/10230/2016/0414/ec/e/48538570/auto.jpg',1,1,'admin','http://sinanews.sina.cn/sinanews.shtml?id=fxriqqv5567506-comos-tech-cms&fromsinago=1',1460616197758),(341,'中国VR产业:硬件内容蛮荒时代','2016年被认为是VR元年，但真正的市场爆发点会在哪里？现在似乎还看不出来。','http://r3.sinaimg.cn/10230/2016/0414/68/e/74578879/auto.jpg',1,1,'admin','http://sinanews.sina.cn/sinanews.shtml?id=fxriqri6250736-comos-tech-cms&fromsinago=1',1460616197818),(342,'斗鱼熊猫TV等多家直播平台遭查','涉嫌提供含宣扬淫秽、暴力、教唆犯罪等内容的文化产品。','http://r3.sinaimg.cn/10230/2016/0414/2e/8/19579363/auto.jpg',1,1,'admin','http://sinanews.sina.cn/sinanews.shtml?id=fxriqqv5619072-comos-tech-cms&fromsinago=1',1460616197820),(343,'跨境电商新政不涉旅客携带额度','对旅客携带个人自用物品管理办法和携带的额度没有调整。','http://r3.sinaimg.cn/10230/2016/0325/05/b/47576305/auto.jpg',1,1,'admin','http://sinanews.sina.cn/sinanews.shtml?id=fxriqqx2386997-comos-tech-cms&fromsinago=1',1460616197822),(344,'涉骗局P2P南京易乾宁将被并购','收购后，苏天瑞承诺全部兑付将在2018年3月31日前完毕。','http://r3.sinaimg.cn/10230/2016/0406/7d/b/56578276/auto.jpg',1,1,'admin','http://sinanews.sina.cn/sinanews.shtml?id=fxriqqv5622886-comos-tech-cms&fromsinago=1',1460616197823),(345,'中国专家认为霍金计划是科幻','对于霍金的计划,中国专家认为想法很好但具有科幻色彩。','http://r3.sinaimg.cn/10230/2016/0414/03/4/59575885/auto.jpg',1,1,'admin','http://sinanews.sina.cn/sinanews.shtml?id=fxriqqv5627998-comos-tech-cms&fromsinago=1',1460616197824),(346,'揭阿里蚂蚁金服投资饿了么真相','315晚会的负面事件是否对阿里巴巴投资饿了么产生影响？','http://r3.sinaimg.cn/10230/2016/0414/53/3/84574420/auto.jpg',1,1,'admin','http://zhuanlan.sina.cn/article?id=51067&ch=tech&fromsinago=1',1460616197826),(347,'刘洪新:海信未来增长点在海外','刘洪新接受采访时表示，海外市场将是海信很大的增长点。','http://r3.sinaimg.cn/10230/2016/0414/ed/f/98538786/auto.jpg',1,1,'admin','http://sinanews.sina.cn/sinanews.shtml?id=fxriqqv5626354-comos-tech-cms&fromsinago=1',1460616197827),(348,'全球首个股权投资机器人面世','首个股权投资机器人在北京亮相，与投资经理水平相当。','http://r3.sinaimg.cn/10230/2016/0414/f4/5/16574454/auto.jpg',1,1,'admin','http://sinanews.sina.cn/sinanews.shtml?id=fxriqqv5641691-comos-tech-cms&fromsinago=1',1460616197828),(349,'快车司机建群偷拍女乘客照片','照片里的人物都是女性，脸部也都没有打上马赛克。','http://r3.sinaimg.cn/10230/2016/0414/1d/a/71580388/auto.jpg',1,1,'admin','http://sinanews.sina.cn/sinanews.shtml?id=fxriqqx2411776-comos-tech-cms&fromsinago=1',1460616197830),(350,'美媒体将披露苹果汽车设计.图','Motor Trend可能会披露貌似来自苹果的汽车设计图。','http://r3.sinaimg.cn/10230/2016/0414/67/2/08573093/auto.jpg',1,1,'admin','http://sinanews.sina.cn/sinanews.shtml?id=fxriqqv5640722-comos-tech-cms&fromsinago=1',1460616197831),(351,'LG三星圈地OLED对抗夏鸿恋','三星和LG已入股从事OLED研发的新创公司对抗鸿海与夏普。','http://r3.sinaimg.cn/10230/2016/0414/47/2/38574660/auto.jpg',1,1,'admin','http://sinanews.sina.cn/sinanews.shtml?id=fxriqqv5625867-comos-tech-cms&fromsinago=1',1460616197832),(352,'主题公园是VR盈利的好点子','北京一些大型商场里VR体验机，体验一次价格40元左右。','http://r3.sinaimg.cn/10230/2016/0414/33/f/19581111/auto.jpg',1,1,'admin','http://sinanews.sina.cn/sinanews.shtml?id=fxriqqx2408232-comos-tech-cms&fromsinago=1',1460616197834),(353,'华人文化入股女子天团SNH48','丝芭传媒2013年创立于上海，创立之初曾获创新工场投资。','http://r3.sinaimg.cn/10230/2016/0414/fd/6/16576159/auto.jpg',1,1,'admin','http://sinanews.sina.cn/sinanews.shtml?id=fxriqqx2407245-comos-tech-cms&fromsinago=1',1460616197835),(354,'UltraHD Premium认证是什么?','UltraHD Premium认证可作为选购4K HDR电视的一种参考。','http://r3.sinaimg.cn/10230/2016/0414/2a/f/35582184/auto.jpg',1,1,'admin','http://sinanews.sina.cn/sinanews.shtml?id=fxriqqx2394915-comos-tech-cms&fromsinago=1',1460616197836),(355,'空调最常见疑难杂症解答','用空调时常见的15个问题以及产生这些问题的原因。','http://r3.sinaimg.cn/10230/2016/0414/d8/4/83575125/auto.jpg',1,1,'admin','http://sinanews.sina.cn/sinanews.shtml?id=fxriqqx2394377-comos-tech-cms&fromsinago=1',1460616197837),(356,'有多少净水器符合国家标准?','净水器产品鱼龙混杂，质量不过关却仍在市场上出售。','http://r3.sinaimg.cn/10230/2016/0414/a8/9/34579842/auto.jpg',1,1,'admin','http://sinanews.sina.cn/sinanews.shtml?id=fxriqqv5621791-comos-tech-cms&fromsinago=1',1460616197841),(357,'紫光购入莱迪思半导体股份','投资者猜测紫光或收购莱迪思半导体，后者股价大涨18%。','http://r3.sinaimg.cn/10230/2016/0414/39/d/38581144/auto.jpg',1,1,'admin','http://sinanews.sina.cn/sinanews.shtml?id=fxriqqv5626755-comos-tech-cms&fromsinago=1',1460616197842),(358,'OLED非主流:索尼三星仍在观望','索尼和三星似乎对OLED无动于衷，坚持力推曲面弧面电视。','http://r3.sinaimg.cn/10230/2016/0414/58/2/55576516/auto.jpg',1,1,'admin','http://sinanews.sina.cn/sinanews.shtml?id=fxriqqv5619520-comos-tech-cms&fromsinago=1',1460616197843),(359,'美国网红启示:商业变现很头疼','无论是美国网红，还是中国的Papi酱，如果商业变现不顺利，不能持续进行下去，那终归也逃不掉昙花一现的命运。','http://r3.sinaimg.cn/10230/2016/0420/e7/8/94582964/auto.jpg',1,1,'admin','http://sinanews.sina.cn/sinanews.shtml?id=fxriqqv6347563-comos-tech-cms&fromsinago=1',1461138028497),(360,'苹果推出新款12英寸MacBook','苹果公司今日更新了旗下12英寸MacBook产品，它加入了新的玫瑰金配色；采用英特尔最新的处理器，更好的显卡，更快的闪存，并增加了一个小时的电池使用时间。','http://r3.sinaimg.cn/10230/2016/0420/ae/d/78584730/auto.jpg',1,1,'admin','http://sinanews.sina.cn/sinanews.shtml?id=fxriqqx3069509-comos-tech-cms&fromsinago=1',1461138028564),(361,'英特尔CFO:裁员决定艰难但正确','英特尔希望加速转型，增加创新领域投资，获得更高回报。','http://r3.sinaimg.cn/10230/2015/1229/fb/4/98520789/auto.jpg',1,1,'admin','http://sinanews.sina.cn/sinanews.shtml?id=fxriqqv6368708-comos-tech-cms&fromsinago=1',1461138028566),(362,'SpaceX海上回收火箭返回基地','若一切正常，回收的火箭最早将于5月或6月重新投入使用。','http://r3.sinaimg.cn/10230/2016/0420/fe/5/08579020/auto.jpg',1,1,'admin','http://sinanews.sina.cn/sinanews.shtml?id=fxriqqv6375669-comos-tech-cms&fromsinago=1',1461138028568),(363,'苹果汽车:柏林设秘密研发中心','苹果已经在德国柏林设立了一个秘密的汽车研发实验室！','http://r3.sinaimg.cn/10230/2016/0420/72/3/14575703/auto.jpg',1,1,'admin','http://sinanews.sina.cn/sinanews.shtml?id=fxriqqx3103217-comos-tech-cms&fromsinago=1',1461138028569),(364,'百度宣布百度视频业务独立运营','新公司完成金额近10亿元的对外融资，胡浩出任该公司CEO。','http://r3.sinaimg.cn/10230/2016/0420/dd/5/12576955/auto.jpg',1,1,'admin','http://sinanews.sina.cn/sinanews.shtml?id=fxriqqv6356945-comos-tech-cms&fromsinago=1',1461138028571),(365,'本年最小最圆月22日现身天宇','公众可在21日晚22日凌晨和22日晚欣赏比平时小一些圆月。','http://r3.sinaimg.cn/10230/2016/0420/e7/d/32582988/auto.jpg',1,1,'admin','http://sinanews.sina.cn/sinanews.shtml?id=fxriqqv6378035-comos-tech-cms&fromsinago=1',1461138028572),(366,'家庭日常饮水要不要装净水器?','很多消费者把目光投向了净水器，市场上的销售异常火爆。','http://r3.sinaimg.cn/10230/2016/0420/65/b/79580990/auto.jpg',1,1,'admin','http://sinanews.sina.cn/sinanews.shtml?id=fxriqqx3102895-comos-tech-cms&fromsinago=1',1461138028573),(367,'如何挑选火力猛的安全燃气灶','火力猛而安全实用的燃气灶，是厨房重地的关键厨电之一。','http://r3.sinaimg.cn/10230/2016/0420/85/a/98540541/auto.jpg',1,1,'admin','http://sinanews.sina.cn/sinanews.shtml?id=fxriqqv6373943-comos-tech-cms&fromsinago=1',1461138028575),(368,'新款Model S亮相北京:可过滤雾霾','特斯拉新款Model S 4月19日正式亮相特斯拉北京汽车公园金港体验中心。','http://r3.sinaimg.cn/10230/2016/0420/f3/e/06584161/auto.jpg',1,1,'admin','http://photo.sina.cn/album_5_19889_68558.htm?ch=5&fromsinago=1',1461138028576),(369,'国外\"黄牛\"开始热炒VR眼镜','原价799美元的HTC Vive被炒至2250美元，还不包含运费。','http://r3.sinaimg.cn/10230/2016/0414/33/f/19581111/auto.jpg',1,1,'admin','http://sinanews.sina.cn/sinanews.shtml?id=fxriqqx3100950-comos-tech-cms&fromsinago=1',1461138028577),(370,'欧盟将诉谷歌预装Android应用','欧盟可能对谷歌处以年营收10%的罚款，也就是70亿美元。','http://r3.sinaimg.cn/10230/2016/0420/67/f/92582273/auto.jpg',1,1,'admin','http://sinanews.sina.cn/sinanews.shtml?id=fxriqqx3100443-comos-tech-cms&fromsinago=1',1461138028578),(371,'空调业:家电供给侧改革排头兵','智能空调销售增势喜人，为提振中国家电业做出了表率。','http://r3.sinaimg.cn/10230/2016/0420/6a/f/30583478/auto.jpg',1,1,'admin','http://sinanews.sina.cn/sinanews.shtml?id=fxriqqv6369045-comos-tech-cms&fromsinago=1',1461138028580),(372,'邢早忠:今年是互金的规范之年','邢早忠称，今年是互联网金融的规范之年，这是业内共识。','http://r3.sinaimg.cn/10230/2016/0420/3d/9/92581728/auto.jpg',1,1,'admin','http://sinanews.sina.cn/sinanews.shtml?id=fxriqqv6368623-comos-tech-cms&fromsinago=1',1461138028581),(373,'未来五年智能厨具将迅速发展','跟随智能时代的脚步，厨具也走上了智能化道路。','http://r3.sinaimg.cn/10230/2016/0420/91/9/43582218/auto.jpg',1,1,'admin','http://sinanews.sina.cn/sinanews.shtml?id=fxriqqx3098373-comos-tech-cms&fromsinago=1',1461138028583),(374,'姚余栋:共享金融或避金融危机','姚余栋认为，移动互联和区块链为共享金融发展提供条件。','http://r3.sinaimg.cn/10230/2016/0420/52/2/89576199/auto.jpg',1,1,'admin','http://sinanews.sina.cn/sinanews.shtml?id=fxriqqx3095425-comos-tech-cms&fromsinago=1',1461138028584),(375,'努比亚nubia Z11 mini图赏','努比亚在北京召开发布会推出5寸屏幕nubia Z11 mini手机。','http://r3.sinaimg.cn/10230/2016/0420/cb/1/24575264/auto.jpg',1,1,'admin','http://sinanews.sina.cn/sinanews.shtml?id=fxriqqx3094671-comos-tech-cms&fromsinago=1',1461138028588),(376,'IDG刘雨坤:关于SaaS七点经验','SaaS在中国都是每年能增长20%到30%的系统性机会。','http://r3.sinaimg.cn/10230/2016/0420/2e/4/06578199/auto.jpg',1,1,'admin','http://sinanews.sina.cn/sinanews.shtml?id=fxriqqv6364855-comos-tech-cms&fromsinago=1',1461138028589),(377,'德极客VR远程操控坦克上路','他们搞来了一辆主战坦克，装上了全套远程操作设备。','http://r3.sinaimg.cn/10230/2016/0420/68/9/66582448/auto.jpg',1,1,'admin','http://sinanews.sina.cn/sinanews.shtml?id=fxriqqv6364308-comos-tech-cms&fromsinago=1',1461138028590),(378,'谷歌:安卓对厂商和用户有利','谷歌今日迅速对欧盟的反垄断指控做出了回应，称谷歌的Android商业模式既让手机厂商保持了较低的成本，又让消费者对自己的设备拥有前所未有的控制权。','http://r3.sinaimg.cn/10230/2016/0421/40/8/37581611/auto.jpg',1,1,'admin','http://sinanews.sina.cn/sinanews.shtml?id=fxrpvea1021167-comos-tech-cms&fromsinago=1',1461205638890),(379,'揭龙泉寺网红贤二:萌萌机器僧','第一代“贤二”机器僧知识有限且智能不强，还需通过不断自主学习以及迭代开发变得更聪明。据了解，第二代“贤二”已经在研发过程中。','http://r3.sinaimg.cn/10230/2016/0421/7d/d/82583178/auto.jpg',1,1,'admin','http://sinanews.sina.cn/sinanews.shtml?id=fxrpvcy4246627-comos-tech-cms&fromsinago=1',1461205638951),(380,'联想ZUK Z2 Pro新品发布会','','http://r3.sinaimg.cn/10230/2016/0421/0b/f/63582967/auto.jpg',1,1,'admin','http://tech.sina.cn/tech_zt/zukz2pro?fromsinago=1',1461205638952),(381,'全国暂停“金融”字样企业注册','将暂停登记注册在名称、经营范围中含有金融相关字样的企业。','http://r3.sinaimg.cn/10230/2016/0421/4d/d/57581571/auto.jpg',1,1,'admin','http://sinanews.sina.cn/sinanews.shtml?id=fxrpvea1028616-comos-tech-cms&fromsinago=1',1461205638954),(382,'新华社批手机漫游费:何时取消','漫游费是2G时代的产物，已售20年，网友戏称“化石费用”。','http://r3.sinaimg.cn/10230/2016/0421/6d/7/36578041/auto.jpg',1,1,'admin','http://sinanews.sina.cn/sinanews.shtml?id=fxrpvcy4253295-comos-tech-cms&fromsinago=1',1461205638955),(383,'Model X鹰翼门被曝存质量问题','有消费者表示，鹰翼门有时候无法正常开启。','http://r3.sinaimg.cn/10230/2016/0421/df/a/95581947/auto.jpg',1,1,'admin','http://sinanews.sina.cn/sinanews.shtml?id=fxrpvea1032373-comos-tech-cms&fromsinago=1',1461205638956),(384,'霍金称黑洞或能通往另一宇宙','如果你觉得身处黑洞之中，千万不要放弃，总能找到出路','http://r3.sinaimg.cn/10230/2016/0421/81/e/46582187/auto.jpg',1,1,'admin','http://sinanews.sina.cn/sinanews.shtml?id=fxrpvcy4251958-comos-tech-cms&fromsinago=1',1461205638957),(385,'中国首台太空3D打印机诞生','本次试验验证了微重力环境下3D打印装备关键技术与工艺。','http://r3.sinaimg.cn/10230/2016/0421/35/1/16575804/auto.jpg',1,1,'admin','http://sinanews.sina.cn/sinanews.shtml?id=fxrpvcy4261878-comos-tech-cms&fromsinago=1',1461205638959),(386,'SaaS如何让B2B市场恢复活力？','一种全新的精细策略出现了，它承诺能帮B2B市场不断发展。','http://r3.sinaimg.cn/10230/2016/0421/09/a/74583355/auto.jpg',1,1,'admin','http://sinanews.sina.cn/sinanews.shtml?id=fxrpvcy4261483-comos-tech-cms&fromsinago=1',1461205638960),(387,'世界最强韧材料碳炔可批量生产','碳炔相当于碳的一维形式—由碳原子聚集在一起形成的链。','http://r3.sinaimg.cn/10230/2016/0421/93/b/71584003/auto.jpg',1,1,'admin','http://sinanews.sina.cn/sinanews.shtml?id=fxrpvcy4261260-comos-tech-cms&fromsinago=1',1461205638961),(388,'家电巨头争夺售后服务市场','行业内又一家大企业加入了对家电后服务市场的争夺。','http://r3.sinaimg.cn/10230/2016/0421/b9/4/70577692/auto.jpg',1,1,'admin','http://sinanews.sina.cn/sinanews.shtml?id=fxrpvcy4256888-comos-tech-cms&fromsinago=1',1461205638962),(389,'天猫京东3C拉锯:大决战将临','说到底，拿钱续命还是拿命换钱，并不是一个主动的选择。','http://r3.sinaimg.cn/10230/2016/0421/6a/c/70582707/auto.jpg',1,1,'admin','http://zhuanlan.sina.cn/article?id=51279&ch=tech&fromsinago=1',1461205638963),(390,'为什么贾跃亭擅长哽咽？','总是在发布会哽咽，就不怕被人觉得你太祥林嫂了吗？','http://r3.sinaimg.cn/10230/2016/0421/38/3/21576142/auto.jpg',1,1,'admin','http://sinanews.sina.cn/sinanews.shtml?id=fxrpvcy4259978-comos-tech-cms&fromsinago=1',1461205638965),(391,'这10家公司凭什么估值百亿','很多公司基于数据精准分析和驱动进行决策实现迅速崛起。','http://r3.sinaimg.cn/10230/2016/0421/32/8/70580950/auto.jpg',1,1,'admin','http://zhuanlan.sina.cn/article?id=51277&ch=tech&fromsinago=1',1461205638966),(392,'全球监管机构打击免流量服务','批评者认为，免流量服务代表着某种形式的歧视。','http://r3.sinaimg.cn/10230/2016/0421/10/1/07576003/auto.jpg',1,1,'admin','http://sinanews.sina.cn/sinanews.shtml?id=fxrpvcy4258969-comos-tech-cms&fromsinago=1',1461205638967),(393,'热水器市场一季度逆市增长','2016年一季度热水器市场取得了超出行业预期的成绩。','http://r3.sinaimg.cn/10230/2016/0421/c3/f/23583392/auto.jpg',1,1,'admin','http://sinanews.sina.cn/sinanews.shtml?id=fxrpvea1028524-comos-tech-cms&fromsinago=1',1461205638969),(394,'AI与物联网结合可引发科技巨变','关于物联网的大量话题主要围绕可以和互联网连接的产品。','http://r3.sinaimg.cn/10230/2016/0421/4d/9/11581943/auto.jpg',1,1,'admin','http://sinanews.sina.cn/sinanews.shtml?id=fxrpvea1030565-comos-tech-cms&fromsinago=1',1461205638972),(395,'内容创业能否涌现出新独角兽？','考察四个参数：用户基数、使用频次、转化率、毛利率。','http://r3.sinaimg.cn/10230/2016/0421/6a/c/36582400/auto.jpg',1,1,'admin','http://sinanews.sina.cn/sinanews.shtml?id=fxrpvea1030265-comos-tech-cms&fromsinago=1',1461205638974),(396,'火箭闹钟让迟到离你而去','我们往往会在其响起的那一刹那就将它关闭然后继续睡去。','http://r3.sinaimg.cn/10230/2016/0421/b2/4/56578349/auto.jpg',1,1,'admin','http://sinanews.sina.cn/sinanews.shtml?id=fxrpvea1030008-comos-tech-cms&fromsinago=1',1461205638975),(397,'杭州:将审查网约车司机背景','杭州有关部门对在杭网约车企业进行约谈，提出整改要求。','http://r3.sinaimg.cn/10230/2016/0421/13/a/22582471/auto.jpg',1,1,'admin','http://sinanews.sina.cn/sinanews.shtml?id=fxrpvea1029951-comos-tech-cms&fromsinago=1',1461205638976);
/*!40000 ALTER TABLE `news` ENABLE KEYS */;
UNLOCK TABLES;

--
-- Table structure for table `snotokens`
--

DROP TABLE IF EXISTS `snotokens`;
/*!40101 SET @saved_cs_client     = @@character_set_client */;
/*!40101 SET character_set_client = utf8 */;
CREATE TABLE `snotokens` (
  `id` int(11) NOT NULL AUTO_INCREMENT,
  `code` varchar(45) NOT NULL,
  `status` int(11) NOT NULL DEFAULT '0',
  `sid` int(11) DEFAULT NULL,
  PRIMARY KEY (`id`),
  UNIQUE KEY `code_UNIQUE` (`code`)
) ENGINE=InnoDB AUTO_INCREMENT=66 DEFAULT CHARSET=utf8;
/*!40101 SET character_set_client = @saved_cs_client */;

--
-- Dumping data for table `snotokens`
--

LOCK TABLES `snotokens` WRITE;
/*!40000 ALTER TABLE `snotokens` DISABLE KEYS */;
INSERT INTO `snotokens` VALUES (1,'20121702020221',1,3),(2,'20121702020222',1,4),(3,'20121702020223',0,NULL),(4,'20121702020224',0,NULL),(50,'20121702020225',0,NULL),(51,'20121702020226',0,NULL),(52,'20121702020227',0,NULL),(53,'20121702020228',0,NULL),(54,'20121702020229',0,NULL),(55,'20121702020230',0,NULL),(56,'20121702020231',0,NULL),(57,'20121702020232',0,NULL),(58,'20121702020233',0,NULL),(59,'20121702020234',0,NULL),(60,'20121702020235',0,NULL),(61,'20121702020236',0,NULL),(62,'20121702020237',0,NULL),(63,'20121702020238',0,NULL),(64,'20121702020240',0,NULL),(65,'20131701010121',0,NULL);
/*!40000 ALTER TABLE `snotokens` ENABLE KEYS */;
UNLOCK TABLES;

--
-- Table structure for table `subject`
--

DROP TABLE IF EXISTS `subject`;
/*!40101 SET @saved_cs_client     = @@character_set_client */;
/*!40101 SET character_set_client = utf8 */;
CREATE TABLE `subject` (
  `id` int(11) NOT NULL AUTO_INCREMENT,
  `name` varchar(45) NOT NULL,
  `score` float NOT NULL,
  `detail` varchar(500) DEFAULT NULL,
  PRIMARY KEY (`id`)
) ENGINE=InnoDB AUTO_INCREMENT=7 DEFAULT CHARSET=utf8;
/*!40101 SET character_set_client = @saved_cs_client */;

--
-- Dumping data for table `subject`
--

LOCK TABLES `subject` WRITE;
/*!40000 ALTER TABLE `subject` DISABLE KEYS */;
INSERT INTO `subject` VALUES (1,'数据库技术',3,'数据库（Database）是按照数据结构来组织、存储和管理数据的仓库'),(2,'计算机基础',2,'现在的计算机，普及率非常高，几乎很多家庭都配有计算机，很多人对计算机都是很熟悉的，天天玩。但是，对于计算机基础知识，您了解多少呢?来了解一下计算机都会出现哪些故障？通过这些计算机基础知识的学习，来提高你的计算机安全性能。'),(3,'云服务器技术',2.3,'云服务器技术'),(6,'口袋妖怪训练masters',5,'成为世界一流的训练师,通知');
/*!40000 ALTER TABLE `subject` ENABLE KEYS */;
UNLOCK TABLES;

--
-- Table structure for table `user`
--

DROP TABLE IF EXISTS `user`;
/*!40101 SET @saved_cs_client     = @@character_set_client */;
/*!40101 SET character_set_client = utf8 */;
CREATE TABLE `user` (
  `id` int(11) NOT NULL AUTO_INCREMENT,
  `username` varchar(45) NOT NULL,
  `password` char(32) NOT NULL,
  `nick` varchar(45) DEFAULT NULL,
  `role` int(11) NOT NULL DEFAULT '1',
  `infoid` int(11) NOT NULL,
  PRIMARY KEY (`id`)
) ENGINE=InnoDB AUTO_INCREMENT=9 DEFAULT CHARSET=utf8;
/*!40101 SET character_set_client = @saved_cs_client */;

--
-- Dumping data for table `user`
--

LOCK TABLES `user` WRITE;
/*!40000 ALTER TABLE `user` DISABLE KEYS */;
INSERT INTO `user` VALUES (1,'shaw','e10adc3949ba59abbe56e057f20f883e','shaw',3,3),(2,'teacher','c33367701511b4f6020ec61ded352059','vigo oricon',3,1),(3,'student','c33367701511b4f6020ec61ded352059','SZ',1,2),(4,'student2','c33367701511b4f6020ec61ded352059','student2',1,4),(5,'serverTeacher','e10adc3949ba59abbe56e057f20f883e','serv',2,5),(6,'teacher2','e10adc3949ba59abbe56e057f20f883e','DtaLad',2,6),(8,'teacher3','e10adc3949ba59abbe56e057f20f883e','asasd',2,8);
/*!40000 ALTER TABLE `user` ENABLE KEYS */;
UNLOCK TABLES;

--
-- Table structure for table `userinfo`
--

DROP TABLE IF EXISTS `userinfo`;
/*!40101 SET @saved_cs_client     = @@character_set_client */;
/*!40101 SET character_set_client = utf8 */;
CREATE TABLE `userinfo` (
  `id` int(11) NOT NULL AUTO_INCREMENT,
  `clazz` varchar(45) DEFAULT NULL,
  `subjects` varchar(45) DEFAULT NULL,
  `sno` varchar(45) DEFAULT NULL,
  `type` int(11) DEFAULT '1' COMMENT '1:学生信息2：老师信息3：管理员信息',
  `detail` varchar(500) DEFAULT NULL,
  PRIMARY KEY (`id`)
) ENGINE=InnoDB AUTO_INCREMENT=9 DEFAULT CHARSET=utf8;
/*!40101 SET character_set_client = @saved_cs_client */;

--
-- Dumping data for table `userinfo`
--

LOCK TABLES `userinfo` WRITE;
/*!40000 ALTER TABLE `userinfo` DISABLE KEYS */;
INSERT INTO `userinfo` VALUES (1,NULL,'数据库，计算机基础，线性代数',NULL,2,'多年数据库教学经验'),(2,'计算机12-1',NULL,'20121702020221',1,'学渣一枚'),(3,NULL,'服务器系统维护，数据库维护',NULL,3,'BHNT 管理员'),(4,'网络12-1',NULL,'20121702020222',1,'学霸一枚'),(5,NULL,'服务器技术，计算机基础，线性代数',NULL,2,'精通服务器部署'),(6,NULL,'数据结构,数据库',NULL,2,'unlock'),(8,NULL,'数据结构',NULL,2,'ez');
/*!40000 ALTER TABLE `userinfo` ENABLE KEYS */;
UNLOCK TABLES;
/*!40103 SET TIME_ZONE=@OLD_TIME_ZONE */;

/*!40101 SET SQL_MODE=@OLD_SQL_MODE */;
/*!40014 SET FOREIGN_KEY_CHECKS=@OLD_FOREIGN_KEY_CHECKS */;
/*!40014 SET UNIQUE_CHECKS=@OLD_UNIQUE_CHECKS */;
/*!40101 SET CHARACTER_SET_CLIENT=@OLD_CHARACTER_SET_CLIENT */;
/*!40101 SET CHARACTER_SET_RESULTS=@OLD_CHARACTER_SET_RESULTS */;
/*!40101 SET COLLATION_CONNECTION=@OLD_COLLATION_CONNECTION */;
/*!40111 SET SQL_NOTES=@OLD_SQL_NOTES */;

-- Dump completed on 2016-04-28 11:36:00
